,ThereminGoat's 'Soft Total' Score Sheet,,,,,9/20/2026,Max Score,30,,,,,,,,,
,,,,,,,,,,,,,,,,,
,,,,,,,,,,,,,,,,,
 - TOTAL RANKINGS -,,,,,,,,,,,- MANUFACTURER STATISTICS -,,,,,,
Rank,Switch Name,Date,Manufacturer,Type,Context,Other,"Timeless
Total","Time Wtd. 
Total",,,Rank,Manufacturer Name,Switches Tested,Context,Other,"Timeless
Total","Avg Time 
Wtd. Total"
1,Gateron Lanes,9/14/2025,Gateron,Tactile,17,9,26,25.0,,,1,WEKT,2,14.5,5.5,20.0,19.7
2,Cherry MX 'New Nixie' (Black Clear-Top),12/4/2022,Cherry,Linear,18,10,28,24.3,,,2,Momoka,2,16.0,7.5,23.5,18.8
3,Gateron G Pro 3.0 Yellow,8/6/2023,Gateron,Linear,18,9,27,23.9,,,3,Wingtree,10,13.2,5.6,18.8,18.6
4,Gateron X V3,6/28/2025,Gateron,Linear,16,9,25,23.8,,,4,HMX,20,13.2,5.7,18.9,18.0
5,AEBoards Naevy EC,3/9/2025,Tecsee,Tactile,15,10,25,23.5,,,5,Keygeek,9,12.9,5.9,18.8,17.8
6,Hojicha Reserve,9/15/2024,BSUN,Tactile,16,8,24,22.0,,,6,Co-Gain/XUDA,1,13.0,5.0,18.0,17.2
7,HMX Egg Yolk,7/12/2026,HMX,Linear,14,8,22,21.9,,,7,Cherry,16,13.3,6.3,19.6,17.0
8,Keychron Silent Banana,7/6/2025,Outemu,Silent Tactile,17,6,23,21.8,,,8,Aflion,8,14.4,6.1,20.5,16.7
9,Penguins,3/26/2023,Durock/JWK,Tactile,17,8,25,21.6,,,9,Haimu,15,13.4,6.0,19.4,16.7
10,Gateron Melodic,2/4/2024,Gateron,Clicky,15,9,24,21.4,,,10,Grain Gold,5,12.4,5.6,18.0,16.6
10,Sillyworks x Gateron Type R,1/12/2025,Gateron,Tactile,14,9,23,21.4,,,11,Outemu,19,13.2,5.6,18.8,16.2
10,Novelkeys Cream Clickie,1/12/2023,Kailh,Clicky,15,10,25,21.4,,,12,SWK,2,13.5,5.0,18.5,16.1
13,HMX Volume 0-T,12/20/2025,HMX,Silent Tactile,15,7,22,21.3,,,12,BSUN,20,12.8,5.4,18.2,16.1
13,Geon Raw HE,12/15/2024,Grain Gold,Linear,15,8,23,21.3,,,14,LICHICX,9,12.1,5.9,18.0,15.7
15,Invokeys Goji Reserve,10/26/2025,BSUN,Tactile,16,6,22,21.1,,,15,Gateron,70,13.1,5.9,19.0,15.6
15,Pea Flower,9/22/2024,BSUN,Clicky,15,8,23,21.1,,,16,Huano,16,12.8,6.0,18.8,15.3
15,Everfree Cedar,9/22/2024,Gateron,Linear,16,7,23,21.1,,,17,KTT,32,12.9,5.6,18.5,15.2
18,Keygeek Y2 (20mm/45g),8/24/2025,Keygeek,Linear,14,8,22,21.0,,,18,Kailh,47,12.4,6.4,18.7,15.2
19,Novelkeys Classic Blue,8/10/2025,Unknown,Linear,17,5,22,20.9,,,19,SP Star,6,13.2,6.3,19.5,14.9
19,Red Velvet,8/4/2024,KTT,Silent Tactile,17,6,23,20.9,,,20,Tecsee,30,12.4,6.2,18.6,14.5
21,Wingtree x LICHICX Yamatake,5/10/2026,Wingtree,Silent Tactile,14,7,21,20.7,,,21,Jerrzi,7,10.9,5.6,16.4,14.4
21,Everfree Grayish Tactile,4/28/2024,Gateron,Tactile,16,7,23,20.7,,,22,TTC,19,11.5,5.6,17.1,14.2
23,Cookies n' Cream,1/29/2024,KTT,Tactile,16,7,23,20.4,,,23,Durock/JWK,55,12.3,6.1,18.4,13.9
23,Wingtree 277,1/11/2026,Wingtree,Linear,15,6,21,20.4,,,24,K2,1,6.0,9.0,15.0,13.6
25,Akko Mirror,11/24/2024,HMX,Linear,16,6,22,20.2,,,25,SOAI,9,9.8,5.0,14.8,12.4
25,DK Creamery Cookie Dough,11/19/2023,KTT,Silent Linear,16,7,23,20.2,,,26,Meirun,2,8.0,4.5,12.5,10.0
25,JWICK Semi Silent,11/13/2022,Durock/JWK,Silent Linear,15,9,24,20.2,,,27,Yusya,1,8.0,3.0,11.0,9.8
28,LICHICX Lucy,10/21/2023,LICHICX,Silent Linear,15,8,23,20.1,,,28,Greetech,8,8.0,4.4,12.4,9.7
28,Huano Kyubi Silent Linear,10/13/2024,Huano,Silent Linear,15,7,22,20.1,,,,,,,,,
28,Invokeys Black Sesame,10/2/2022,Aflion,Linear,17,7,24,20.1,,,,,,,,,
28,Diamond Avalon,10/1/2023,Unknown,Linear,15,8,23,20.1,,,,,,,,,
32,Keychron x Gateron Aurora,9/8/2024,Gateron,Linear,15,7,22,20.0,,,,,,,,,
32,TKC Blackberry,9/7/2022,Tecsee,Clicky,15,9,24,20.0,,,,,,,,,
32,Invokeys Blueberry Chiffon,8/21/2022,Aflion,Tactile,17,7,24,20.0,,,,,,,,,
32,Akko Creamy Yellow U1,8/16/2026,Huano,Linear,16,4,20,20.0,,,,,,,,,
32,Wingtree Torrero,9/6/2026,Wingtree,Tactile,14,6,20,20.0,,,,,,,,,
37,Akko Flash Magnetic,8/9/2026,Outemu,Linear,15,5,20,19.9,,,,,,,,,
37,CK x Haimu Pastel Thistle,7/23/2023,Haimu,Tactile,16,7,23,19.9,,,,,,,,,
39,Zeal Clickiez 75g. (Clicky),7/10/2022,Gateron,Clicky,15,9,24,19.8,,,,,,,,,
39,Gateron Longjing Tea,7/6/2025,Gateron,Tactile,15,6,21,19.8,,,,,,,,,
39,WEKT Nafu,6/28/2026,WEKT,Silent Linear,14,6,20,19.8,,,,,,,,,
39,Huano Caramel Latte,6/23/2024,Huano,Linear,14,8,22,19.8,,,,,,,,,
39,Wuque Light Tactile,6/16/2024,Haimu,Tactile,16,6,22,19.8,,,,,,,,,
39,Momoka Frog V3,6/12/2021,Momoka,Linear,17,8,25,19.8,,,,,,,,,
39,Gravastar UFO Purple,6/7/2026,Unknown,Linear,10,10,20,19.8,,,,,,,,,
46,Geon Lucifer HE,5/4/2025,Grain Gold,Linear,14,7,21,19.7,,,,,,,,,
47,NuPhy Lemon,4/6/2025,Gateron,Tactile,15,6,21,19.6,,,,,,,,,
47,U4T (62g),3/26/2023,Outemu,Tactile,15,8,23,19.6,,,,,,,,,
49,WEKT Lucy R5,3/15/2026,WEKT,Silent Linear,15,5,20,19.5,,,,,,,,,
49,NK Silk Mictlan,3/5/2023,Durock/JWK,Linear,16,7,23,19.5,,,,,,,,,
49,Keebz n Cables x HMX Ice Cendol,3/2/2025,HMX,Linear,15,6,21,19.5,,,,,,,,,
49,Kinetic Labs Turtle,2/23/2025,Haimu,Silent Tactile,15,6,21,19.5,,,,,,,,,
53,Novelkeys Cream+ (Copper Insert),1/1/2023,Kailh,Linear,15,8,23,19.3,,,,,,,,,
53,Novelkeys Cream+ (Titanium Insert),1/1/2023,Kailh,Linear,15,8,23,19.3,,,,,,,,,
53,Novelkeys Cream+ (No Insert),1/1/2023,Kailh,Linear,15,8,23,19.3,,,,,,,,,
53,Gateron SolDark,12/5/2021,Gateron,Tactile,16,8,24,19.3,,,,,,,,,
57,Akko Bittersweet,11/30/2025,Outemu,Tactile,15,5,20,19.2,,,,,,,,,
57,Keygeek Oat,11/10/2024,Keygeek,Linear,15,6,21,19.2,,,,,,,,,
57,Gateron X Yellow,11/7/2021,Gateron,Linear,17,7,24,19.2,,,,,,,,,
60,Ajazz x Huano Kiwi,10/10/2021,Huano,Tactile,15,9,24,19.1,,,,,,,,,
60,Cherry MX Falcon,10/5/2025,Cherry,Tactile,14,6,20,19.1,,,,,,,,,
62,Outemu Silent Lemon V3,9/8/2024,Outemu,Silent Tactile,15,6,21,19.0,,,,,,,,,
62,Outemu Silent Peach V3,9/8/2024,Outemu,Silent Linear,15,6,21,19.0,,,,,,,,,
62,Durock Sea Glass,9/3/2023,Durock/JWK,Linear,15,7,22,19.0,,,,,,,,,
62,Cherry MX2A RGB Black (3 Pin),8/27/2023,Cherry,Linear,16,6,22,19.0,,,,,,,,,
62,Kailh Xuan,8/30/2026,Kailh,Tactile,11,8,19,19.0,,,,,,,,,
62,Haimu Orchid Mantis,9/6/2026,Haimu,Silent Tactile,14,5,19,19.0,,,,,,,,,
68,Kailh Prestige Delighted,8/11/2024,Kailh,Linear,13,8,21,18.9,,,,,,,,,
68,Gateron Yellow KS-8,8/1/2021,Gateron,Linear,16,8,24,18.9,,,,,,,,,
68,Gazzew U4 Boba 68g (Sample),8/1/2021,Outemu,Silent Tactile,15,9,24,18.9,,,,,,,,,
68,Haimu Frost Crystal,7/26/2026,Haimu,Tactile,13,6,19,18.9,,,,,,,,,
68,Keygeek Athena,7/13/2025,Keygeek,Linear,14,6,20,18.9,,,,,,,,,
73,Zeal Clickiez 75g. (Tactile),7/10/2022,Gateron,Tactile,15,8,23,18.8,,,,,,,,,
73,Blueberry Swirl,6/4/2023,KTT,Linear,15,7,22,18.8,,,,,,,,,
75,Akko Cilantro,5/18/2025,HMX,Tactile,15,5,20,18.7,,,,,,,,,
75,Wingtree Pink Pink,5/17/2026,Wingtree,Silent Linear,14,5,19,18.7,,,,,,,,,
75,Cherry MX Ergo Clear (3 Pin),5/7/2023,Cherry,Tactile,15,7,22,18.7,,,,,,,,,
75,Neapolitan Ice Creams,5/2/2021,Tecsee,Tactile,16,8,24,18.7,,,,,,,,,
79,TTC Neptune,4/23/2023,TTC,Linear,15,7,22,18.6,,,,,,,,,
79,Cherry MX Northern Light,4/17/2025,Cherry,Silent Linear,13,7,20,18.6,,,,,,,,,
79,Taro N Sweet Potato V2,4/19/2026,BSUN,Linear,14,5,19,18.6,,,,,,,,,
79,Wingtree BM11,4/12/2026,Wingtree,Tactile,13,6,19,18.6,,,,,,,,,
79,HMX Valerian,4/5/2026,HMX,Tactile,13,6,19,18.6,,,,,,,,,
79,Wuque Studio Onion,3/27/2022,Durock/JWK,Linear,15,8,23,18.6,,,,,,,,,
79,SP Star Magic Girl (Classic),3/26/2023,SP Star,Tactile,16,6,22,18.6,,,,,,,,,
86,Wuque Studio Morandi,3/19/2023,Haimu,Linear,14,8,22,18.5,,,,,,,,,
86,HMX Black Cat,2/22/2026,HMX,Tactile,14,5,19,18.5,,,,,,,,,
86,Keygeek Muse,2/15/2026,Keygeek,Linear,13,6,19,18.5,,,,,,,,,
89,Gateron Harmonic,2/8/2026,Gateron,Clicky,13,6,19,18.4,,,,,,,,,
89,Bobagum (62g),1/16/2022,Outemu,Silent Linear,15,8,23,18.4,,,,,,,,,
89,MODE Tomorrow,1/15/2023,Outemu,Tactile,16,6,22,18.4,,,,,,,,,
89,HMX Snowfall,1/11/2026,HMX,Tactile,13,6,19,18.4,,,,,,,,,
89,HMX Longjing S,1/11/2026,HMX,Tactile,14,5,19,18.4,,,,,,,,,
89,Invokeys Matcha Latte,1/9/2022,Aflion,Linear,17,6,23,18.4,,,,,,,,,
95,Caramel Chocolate (Lubed),12/31/2023,LICHICX,Linear,15,6,21,18.3,,,,,,,,,
95,Keychron Super Banana,12/22/2024,Unknown,Tactile,16,4,20,18.3,,,,,,,,,
95,Zaku II,12/10/2023,Tecsee,Tactile,15,6,21,18.3,,,,,,,,,
95,Alpaca V2,12/6/2020,Durock/JWK,Linear,16,8,24,18.3,,,,,,,,,
99,Akko V3 Cream Yellow,11/20/2022,KTT,Linear,16,6,22,18.2,,,,,,,,,
99,Winkeyless.KR Zeal Clear,11/14/2021,Gateron,Tactile,16,7,23,18.2,,,,,,,,,
99,Cherry MX Petal,11/8/2025,Cherry,Tactile,12,7,19,18.2,,,,,,,,,
99,Zealios V1 Linear,11/7/2021,Gateron,Linear,15,8,23,18.2,,,,,,,,,
99,KTT Wine Red Pro,11/2/2025,KTT,Linear,13,6,19,18.2,,,,,,,,,
99,HMX Firecracker,11/2/2025,HMX,Tactile,12,7,19,18.2,,,,,,,,,
105,Tecsee Middle Switch Tactile,10/15/2023,Tecsee,Tactile,14,7,21,18.1,,,,,,,,,
105,Cherry MX Honey,9/25/2025,Cherry,Silent Tactile,13,6,19,18.1,,,,,,,,,
105,BSUN Peach Mellow,9/21/2025,BSUN,Tactile,13,6,19,18.1,,,,,,,,,
108,Haimu Heartbeat,9/11/2022,Haimu,Silent Linear,15,7,22,18.0,,,,,,,,,
108,Wingtree x LICHICX Orange,9/20/2026,Wingtree,Silent Tactile,12,6,18,18.0,,,,,,,,,
108,"Wingtree Nezuko (Dry, 55g)",9/20/2026,Wingtree,Linear,12,6,18,18.0,,,,,,,,,
111,Penyu,8/15/2021,Durock/JWK,Linear,16,7,23,17.9,,,,,,,,,
111,JWICK Ginger Milk,8/14/2022,Durock/JWK,Linear,14,8,22,17.9,,,,,,,,,
111,JWICK Taro,8/14/2022,Durock/JWK,Tactile,14,8,22,17.9,,,,,,,,,
111,Harimau,8/8/2021,Durock/JWK,Tactile,16,7,23,17.9,,,,,,,,,
111,C3 Kiwi,8/1/2021,Durock/JWK,Tactile,15,8,23,17.9,,,,,,,,,
111,Kailh Box Navy,8/1/2021,Kailh,Clicky,16,7,23,17.9,,,,,,,,,
111,Kailh Box Jade,8/1/2021,Kailh,Clicky,16,7,23,17.9,,,,,,,,,
111,Kailh Midnight Pro Grey,7/31/2022,Kailh,Silent Linear,15,7,22,17.9,,,,,,,,,
111,Kailh Midnight Pro Light Yellow,7/31/2022,Kailh,Silent Tactile,15,7,22,17.9,,,,,,,,,
111,Wingtree Jadeite,7/12/2026,Wingtree,Linear,13,5,18,17.9,,,,,,,,,
121,Huano Fi,7/2/2023,Huano,Linear,13,8,21,17.8,,,,,,,,,
121,HMX Yogurt S (37g),6/28/2026,HMX,Linear,12,6,18,17.8,,,,,,,,,
121,Tecsee Ice Milk Tactile,6/19/2022,Tecsee,Tactile,15,7,22,17.8,,,,,,,,,
121,Momoka Shark,6/12/2022,Momoka,Tactile,15,7,22,17.8,,,,,,,,,
121,WS Arowana Red,6/8/2025,HMX,Linear,14,5,19,17.8,,,,,,,,,
126,Gateron Speed Silver Pro,5/28/2021,Gateron,Linear,15,8,23,17.7,,,,,,,,,
126,Gateron Pro Yellow,5/28/2021,Gateron,Linear,15,8,23,17.7,,,,,,,,,
126,Mode Signal,5/22/2022,Durock/JWK,Tactile,15,7,22,17.7,,,,,,,,,
126,TTC Tiger,5/15/2022,TTC,Linear,14,8,22,17.7,,,,,,,,,
126,Raptor MX Extreme,5/12/2024,HMX,Linear,15,5,20,17.7,,,,,,,,,
126,Shortcut Studio SC,5/4/2025,HMX,Linear,14,5,19,17.7,,,,,,,,,
132,Raed,4/25/2021,Tecsee,Linear,16,7,23,17.6,,,,,,,,,
132,Wingtree Coral,4/26/2026,Wingtree,Linear,13,5,18,17.6,,,,,,,,,
132,Naevy V1.5,4/18/2021,Tecsee,Tactile,16,7,23,17.6,,,,,,,,,
132,HMX Hydra,4/12/2026,HMX,Tactile,13,5,18,17.6,,,,,,,,,
132,Kailh Autumn,4/9/2023,Kailh,Clicky,14,7,21,17.6,,,,,,,,,
132,Geon Raptor MX,4/7/2024,BSUN,Linear,15,5,20,17.6,,,,,,,,,
132,PantheonKeys x TTC PT Black,3/29/2026,TTC,Linear,13,5,18,17.6,,,,,,,,,
132,TTC Blueish White,3/26/2023,TTC,Tactile,14,7,21,17.6,,,,,,,,,
140,Akko CS Rose Red,3/21/2021,KTT,Linear,16,7,23,17.5,,,,,,,,,
140,Cherry MX Brown (3 Pin),3/14/2021,Cherry,Tactile,18,5,23,17.5,,,,,,,,,
140,Gateron Lunar Probe,2/25/2024,Gateron,Linear,14,6,20,17.5,,,,,,,,,
143,Gateron Full POM Banana Smoothie,2/8/2026,Gateron,Tactile,13,5,18,17.4,,,,,,,,,
143,Kailh Box Mute Jade,2/6/2022,Kailh,Clicky,15,7,22,17.4,,,,,,,,,
143,Kailh Calligraphy,1/25/2026,Kailh,Linear,11,7,18,17.4,,,,,,,,,
143,Gateron Oil King,1/23/2022,Gateron,Linear,15,7,22,17.4,,,,,,,,,
143,TTC Brother,1/16/2022,TTC,Clicky,15,7,22,17.4,,,,,,,,,
148,Kailh Choc Autumn,1/5/2025,Kailh,Clicky,13,6,19,17.3,,,,,,,,,
148,Kailh Choc Summer,1/5/2025,Kailh,Clicky,13,6,19,17.3,,,,,,,,,
148,Mitarashi Dango,12/29/2024,Unknown,Linear,15,4,19,17.3,,,,,,,,,
148,Invokeys Purple Rice,12/17/2023,BSUN,Linear,14,6,20,17.3,,,,,,,,,
152,Wingtree Yuci HE,11/30/2025,Co-Gain/XUDA,Linear,13,5,18,17.2,,,,,,,,,
152,Akko V3 Cream Blue,11/20/2022,KTT,Tactile,15,6,21,17.2,,,,,,,,,
152,Nixie Black,11/7/2020,Cherry,Linear,14,9,23,17.2,,,,,,,,,
155,Gateron Cream Soda,10/23/2022,Gateron,Linear,14,7,21,17.1,,,,,,,,,
155,Novelkeys Dream Cream,10/16/2022,Kailh,Linear,13,8,21,17.1,,,,,,,,,
155,Keygeek Raspberry,10/13/2024,Keygeek,Linear,14,5,19,17.1,,,,,,,,,
155,Chosfox Summer Lime,10/8/2023,Unknown,Silent Linear,14,6,20,17.1,,,,,,,,,
155,Ajazz x Huano Peach,9/26/2021,Huano,Linear,15,7,22,17.1,,,,,,,,,
160,Ajazz x Huano Banana,9/19/2021,Huano,Tactile,15,7,22,17.0,,,,,,,,,
160,Kinetic Labs Gecko,9/18/2022,Gateron,Silent Linear,15,6,21,17.0,,,,,,,,,
160,TTC Wild (42g.),9/5/2021,TTC,Linear,14,8,22,17.0,,,,,,,,,
160,Cherry MX2A RGB Blue (3 Pin),9/3/2023,Cherry,Clicky,15,5,20,17.0,,,,,,,,,
160,SWK Ripple,9/1/2024,SWK,Linear,14,5,19,17.0,,,,,,,,,
160,KTT Mallo,8/29/2021,KTT,Tactile,15,7,22,17.0,,,,,,,,,
160,Keygeek VC,8/17/2025,Keygeek,Linear,13,5,18,17.0,,,,,,,,,
160,Gateron Icey Spring,9/20/2026,Gateron,Linear,11,6,17,17.0,,,,,,,,,
168,Gateron Vermilion Bird,8/15/2021,Gateron,Linear,15,7,22,16.9,,,,,,,,,
168,DareU Mahjong,8/6/2023,Huano,Linear,12,8,20,16.9,,,,,,,,,
168,TTC Brother V2,8/1/2026,TTC,Clicky,12,5,17,16.9,,,,,,,,,
168,Everglide Magneto UE,7/20/2025,Grain Gold,Linear,13,5,18,16.9,,,,,,,,,
172,BSUN Mozzarella,6/28/2026,BSUN,Tactile,11,6,17,16.8,,,,,,,,,
172,Durock Mocha Silk,6/22/2025,Durock/JWK,Linear,12,6,18,16.8,,,,,,,,,
172,Durock Mocha Chocolate,6/22/2025,Durock/JWK,Tactile,12,6,18,16.8,,,,,,,,,
175,Zuoce Litchi Milk,5/25/2025,Unknown,Tactile,12,6,18,16.7,,,,,,,,,
175,Mode Reflex,5/22/2022,Durock/JWK,Linear,15,6,21,16.7,,,,,,,,,
175,Chosfox Hanami Dango Green,5/21/2023,Durock/JWK,Tactile,14,6,20,16.7,,,,,,,,,
175,Jerrzi Poseidon,5/5/2024,Jerrzi,Linear,11,8,19,16.7,,,,,,,,,
179,Keygeek Full Nylon,4/26/2026,Keygeek,Linear,10,7,17,16.6,,,,,,,,,
179,Gateron Root Beer Float,4/16/2023,Gateron,Tactile,14,6,20,16.6,,,,,,,,,
179,Gateron Mink,4/3/2022,Gateron,Linear,14,7,21,16.6,,,,,,,,,
182,Aflion Thunder Shadow,3/17/2024,Aflion,Tactile,14,5,19,16.5,,,,,,,,,
182,Kailh Christmas Tree,3/13/2022,Kailh,Linear,12,9,21,16.5,,,,,,,,,
182,Everglide V3 'Water King' (60g),2/28/2020,Durock/JWK,Linear,15,8,23,16.5,,,,,,,,,
182,Cherry Viola,2/25/2024,Cherry,Linear,12,7,19,16.5,,,,,,,,,
182,Obsidian Pro,2/20/2022,Durock/JWK,Linear,14,7,21,16.5,,,,,,,,,
187,BSUN Agarwood,2/9/2025,BSUN,Linear,13,5,18,16.4,,,,,,,,,
187,Jerrzi Blueberry Mousse,2/2/2025,Jerrzi,Linear,13,5,18,16.4,,,,,,,,,
187,Gamakay Jupiter,1/28/2024,Outemu,Linear,13,6,19,16.4,,,,,,,,,
187,Gamakay Venus,1/28/2024,Outemu,Tactile,13,6,19,16.4,,,,,,,,,
187,Gateron Green Apple,1/26/2025,Gateron,Tactile,14,4,18,16.4,,,,,,,,,
187,Long Hua Cardamom,1/19/2025,Kailh,Linear,10,8,18,16.4,,,,,,,,,
187,HMX Frog,1/18/2026,HMX,Tactile,12,5,17,16.4,,,,,,,,,
187,Kailh Pro Purple (Plate Mount),1/16/2022,Kailh,Tactile,14,7,21,16.4,,,,,,,,,
187,LICHICX Raw Small Tactile,1/14/2024,LICHICX,Silent Tactile,12,7,19,16.4,,,,,,,,,
196,Rubrehose Brown,1/8/2023,Tecsee,Linear,13,7,20,16.3,,,,,,,,,
196,Long Hua Platycodon Grandiflorum,1/5/2025,Kailh,Tactile,10,8,18,16.3,,,,,,,,,
198,Gateron Azure Dragon V4,11/30/2025,Gateron,Tactile,14,3,17,16.2,,,,,,,,,
198,Zealio V1 Redux (62g),11/28/2021,Gateron,Tactile,15,6,21,16.2,,,,,,,,,
198,Invokeys x Alas Daydreamer,11/26/2023,LICHICX,Silent Tactile,14,5,19,16.2,,,,,,,,,
198,HMX Anti,11/22/2025,HMX,Linear,9,8,17,16.2,,,,,,,,,
198,HMX WJBY Su Color,11/17/2024,HMX,Linear,12,6,18,16.2,,,,,,,,,
198,Ice Kachang (Unlubed),11/5/2023,Aflion,Tactile,13,6,19,16.2,,,,,,,,,
198,EMT V2,10/30/2022,Haimu,Linear,13,7,20,16.2,,,,,,,,,
205,Gateron Box Ink Black,10/24/2021,Gateron,Linear,15,6,21,16.1,,,,,,,,,
205,Gateron Box Ink Pink,10/16/2021,Gateron,Linear,15,6,21,16.1,,,,,,,,,
205,JKDK x XCJZ Hillstone,9/24/2023,BSUN,Tactile,13,6,19,16.1,,,,,,,,,
205,TTC Peanut Latte,9/22/2024,TTC,Silent Tactile,12,6,18,16.1,,,,,,,,,
209,Moyu Studio x XCJZ Snow Grape,9/17/2023,Unknown,Linear,14,5,19,16.0,,,,,,,,,
209,KFA Lubed Pink Robin,9/11/2022,Aflion,Linear,14,6,20,16.0,,,,,,,,,
209,Keygeek Sunflower,9/7/2025,Keygeek,Linear,12,5,17,16.0,,,,,,,,,
209,Kailh Deep Sea Silent Pro Whale,9/3/2023,Kailh,Silent Tactile,13,6,19,16.0,,,,,,,,,
209,MZ Studio U3,8/17/2025,Jerrzi,Silent Linear,11,6,17,16.0,,,,,,,,,
214,BSUN Strawberry Cheesecake,8/11/2024,BSUN,Tactile,15,3,18,15.9,,,,,,,,,
214,Glorious Panda,8/1/2021,Tecsee,Tactile,13,8,21,15.9,,,,,,,,,
214,Cherry MX Orange,7/21/2024,Cherry,Linear,13,5,18,15.9,,,,,,,,,
217,Kailh Box Luna,7/6/2025,Kailh,Linear,9,8,17,15.8,,,,,,,,,
217,IDOBAO Elf Linear-C1,6/25/2023,Kailh,Silent Linear,12,7,19,15.8,,,,,,,,,
217,IDOBAO Elf Tactile-T1,6/25/2023,Kailh,Silent Tactile,12,7,19,15.8,,,,,,,,,
217,KTT Kang White,6/20/2021,KTT,Linear,14,7,21,15.8,,,,,,,,,
221,Gateron Magnetic Green Dragon HE,6/1/2025,Gateron,Linear,11,6,17,15.7,,,,,,,,,
221,Huano Pineapple,5/28/2023,Huano,Linear,14,5,19,15.7,,,,,,,,,
221,Hoshizora,5/22/2022,Durock/JWK,Linear,13,7,20,15.7,,,,,,,,,
221,KTT Gold,5/22/2022,KTT,Clicky,13,7,20,15.7,,,,,,,,,
221,Sillyworks x HMX Waverider V2,5/3/2026,HMX,Tactile,12,4,16,15.7,,,,,,,,,
226,TTC OG Rabbit,4/23/2023,TTC,Silent Linear,11,8,19,15.6,,,,,,,,,
226,Wingtree Camellia (52g),4/26/2026,Wingtree,Linear,12,4,16,15.6,,,,,,,,,
226,Keygeek Cera X (48g),4/12/2026,Keygeek,Linear,11,5,16,15.6,,,,,,,,,
226,B.Stone Dark Eyes,4/7/2024,Unknown,Tactile,12,6,18,15.6,,,,,,,,,
226,Gateron Hippo,4/4/2021,Gateron,Linear,14,7,21,15.6,,,,,,,,,
226,KTT Teresa,3/30/2025,KTT,Linear,12,5,17,15.6,,,,,,,,,
226,Outemu Clear,3/26/2023,Outemu,Clicky,14,5,19,15.6,,,,,,,,,
226,Tecsee Sapphire,3/26/2023,Tecsee,Tactile,11,8,19,15.6,,,,,,,,,
226,Ball Bearing Blue,3/24/2024,Unknown,Linear,9,9,18,15.6,,,,,,,,,
226,KTT Blueberry Ice Cream,3/22/2026,KTT,Tactile,11,5,16,15.6,,,,,,,,,
236,Keychron Phantom Brown,3/20/2022,Gateron,Tactile,15,5,20,15.5,,,,,,,,,
236,Tecsee Christmas Dolphin,3/17/2024,Tecsee,Linear,11,7,18,15.5,,,,,,,,,
236,Leobog Interstellar,3/16/2025,SOAI,Tactile,11,6,17,15.5,,,,,,,,,
236,BSUN Golden Apple,3/1/2026,BSUN,Tactile,10,6,16,15.5,,,,,,,,,
240,Kailh Box Speed Ultimate,2/13/2022,Kailh,Linear,14,6,20,15.4,,,,,,,,,
240,Everfree Fast Silver,2/8/2026,Gateron,Linear,12,4,16,15.4,,,,,,,,,
240,Huano Earth Yellow,2/5/2023,Huano,Linear,13,6,19,15.4,,,,,,,,,
240,KTT Strawberry,1/30/2021,KTT,Linear,15,6,21,15.4,,,,,,,,,
240,Gateron Ink Yellow V2,1/16/2022,Gateron,Linear,14,6,20,15.4,,,,,,,,,
240,Kailh Pro Burgundy (Plate Mount),1/16/2022,Kailh,Linear,13,7,20,15.4,,,,,,,,,
246,SP Star Sacramento,12/26/2021,SP Star,Linear,13,7,20,15.3,,,,,,,,,
246,BSUN Milk Tea Siam V2,12/15/2024,BSUN,Linear,12,5,17,15.3,,,,,,,,,
246,Gateron Azure Dragon V2,12/11/2022,Gateron,Tactile,13,6,19,15.3,,,,,,,,,
249,SWK Jieum V2,12/3/2023,SWK,Linear,13,5,18,15.2,,,,,,,,,
249,Akko Dracula,12/1/2024,Outemu,Linear,12,5,17,15.2,,,,,,,,,
249,Akko CS Jelly White,11/21/2021,KTT,Linear,15,5,20,15.2,,,,,,,,,
249,Betty,11/6/2022,Haimu,Tactile,13,6,19,15.2,,,,,,,,,
249,Redragon Sapphire,11/6/2022,Haimu,Tactile,14,5,19,15.2,,,,,,,,,
249,Keyfirst Bling Blue,11/5/2023,Haimu,Linear,10,8,18,15.2,,,,,,,,,
249,Cream Tactile,10/31/2021,Kailh,Tactile,14,6,20,15.2,,,,,,,,,
256,Varmilo EC V2 Daisy,10/21/2023,Unknown,Linear,12,6,18,15.1,,,,,,,,,
256,Gateron Magnetic Jade Emerald,10/11/2025,Gateron,Tactile,13,3,16,15.1,,,,,,,,,
256,Gateron CJ,10/3/2021,Gateron,Linear,14,6,20,15.1,,,,,,,,,
256,Gateron Pro Ultra Glory Yellow,9/29/2024,Gateron,Linear,12,5,17,15.1,,,,,,,,,
256,BSUN Bordeaux,9/21/2025,BSUN,Tactile,11,5,16,15.1,,,,,,,,,
256,SW Cocoblack,9/21/2025,Durock/JWK,Linear,12,4,16,15.1,,,,,,,,,
262,Auralite,8/29/2021,Tecsee,Linear,14,6,20,15.0,,,,,,,,,
262,Wuque WS POM+,8/18/2024,Gateron,Linear,14,3,17,15.0,,,,,,,,,
262,KTT Lightning V2,9/6/2026,KTT,Linear,10,5,15,15.0,,,,,,,,,
265,Gateron Azure Dragon,8/15/2021,Gateron,Tactile,14,6,20,14.9,,,,,,,,,
265,Amethyst,8/9/2021,Tecsee,Tactile,14,6,20,14.9,,,,,,,,,
265,Lubed Black Geon Switch,8/7/2022,Tecsee,Linear,14,5,19,14.9,,,,,,,,,
265,Anubis,8/1/2021,Durock/JWK,Tactile,13,7,20,14.9,,,,,,,,,
265,Star Grey,8/1/2021,SP Star,Linear,13,7,20,14.9,,,,,,,,,
265,Star Purple,8/1/2021,SP Star,Tactile,13,7,20,14.9,,,,,,,,,
265,TTC Gold Pink,8/1/2021,TTC,Linear,14,6,20,14.9,,,,,,,,,
265,Unionwell Xueyao,7/26/2026,Greetech,Linear,10,5,15,14.9,,,,,,,,,
273,KTT Purple Sauce,6/11/2023,KTT,Clicky,13,5,18,14.8,,,,,,,,,
273,Gateron Dual-Rail Magnetic Orange,6/9/2024,Gateron,Linear,10,7,17,14.8,,,,,,,,,
273,Haimu x Geon HG Silent Red,6/4/2023,Haimu,Silent Linear,12,6,18,14.8,,,,,,,,,
276,Husky,5/30/2021,Tecsee,Linear,14,6,20,14.7,,,,,,,,,
276,XCJZ Green Tea,5/25/2025,LICHICX,Tactile,10,6,16,14.7,,,,,,,,,
276,Chosfox Hanami Dango Pink,5/21/2023,Durock/JWK,Linear,12,6,18,14.7,,,,,,,,,
276,Novelkeys Box Cream,5/9/2021,Kailh,Linear,14,6,20,14.7,,,,,,,,,
276,Tecsee Purple Panda,5/9/2021,Tecsee,Tactile,14,6,20,14.7,,,,,,,,,
276,Gateron UHMknown,4/30/2023,Gateron,Linear,12,6,18,14.7,,,,,,,,,
282,Gateron Cap Brown,4/11/2021,Gateron,Tactile,14,6,20,14.6,,,,,,,,,
282,Kailh Extreme Slippery,3/23/2025,Kailh,Linear,11,5,16,14.6,,,,,,,,,
284,"TTC Magneto, King of Magnets POM",3/16/2025,TTC,Linear,10,6,16,14.5,,,,,,,,,
284,TTC L Series Blue,2/25/2024,TTC,Clicky,12,5,17,14.5,,,,,,,,,
286,LCET Christmas Star,2/2/2025,Unknown,Linear,10,6,16,14.4,,,,,,,,,
286,Feker Emerald Cabbage,1/21/2024,Unknown,Linear,11,6,17,14.4,,,,,,,,,
286,Attack Shark Blue Jelly,1/19/2025,Unknown,Tactile,11,5,16,14.4,,,,,,,,,
286,SP Star Marble Soda Melon,1/16/2022,SP Star,Linear,13,6,19,14.4,,,,,,,,,
290,Cherry MX Purple,1/7/2024,Cherry,Tactile,12,5,17,14.3,,,,,,,,,
290,Cherry MX Firefinch,1/4/2026,Cherry,Linear,10,5,15,14.3,,,,,,,,,
290,Varmilo Ivy L,12/22/2024,LICHICX,Clicky,12,4,16,14.3,,,,,,,,,
290,Durock POM Linear (Sample),12/20/2020,Durock/JWK,Linear,13,7,20,14.3,,,,,,,,,
290,Unionwell Polar Magnetic Pro+,12/14/2025,Greetech,Linear,9,6,15,14.3,,,,,,,,,
295,KTT Wind Phantom,12/1/2024,KTT,Tactile,12,4,16,14.2,,,,,,,,,
295,Akko CS Starfish,11/21/2021,KTT,Linear,14,5,19,14.2,,,,,,,,,
295,Akko CS Sponge,11/21/2021,KTT,Tactile,14,5,19,14.2,,,,,,,,,
295,LICHICX Yogurt,11/17/2024,LICHICX,Silent Linear,11,5,16,14.2,,,,,,,,,
295,Huano Grape Orange,11/17/2024,Huano,Linear,11,5,16,14.2,,,,,,,,,
295,Gateron Mochi,11/7/2021,Gateron,Linear,14,5,19,14.2,,,,,,,,,
295,JKDK Crimson,11/5/2023,LICHICX,Silent Tactile,10,7,17,14.2,,,,,,,,,
302,RRE Blacks,10/24/2021,Unknown,Linear,14,5,19,14.1,,,,,,,,,
302,Qeeke Begonia (Crabapple),10/21/2023,Jerrzi,Linear,11,6,17,14.1,,,,,,,,,
302,XCJZ Jerrzi Lotus Stem,10/21/2023,Jerrzi,Clicky,12,5,17,14.1,,,,,,,,,
302,Varmilo EC V2 Rose,10/21/2023,Unknown,Linear,12,5,17,14.1,,,,,,,,,
302,Varmilo EC V2 Sakura,10/21/2023,Unknown,Linear,12,5,17,14.1,,,,,,,,,
302,Glorious Mako Ultralight,10/20/2024,Outemu,Tactile,12,4,16,14.1,,,,,,,,,
302,Cow Orange,10/10/2021,Tecsee,Linear,13,6,19,14.1,,,,,,,,,
309,KTT Sea Salt,9/12/2021,KTT,Linear,13,6,19,14.0,,,,,,,,,
309,Haimu Whisper,9/11/2022,Haimu,Silent Tactile,13,5,18,14.0,,,,,,,,,
311,Quartz,8/1/2021,Durock/JWK,Linear,13,6,19,13.9,,,,,,,,,
311,Vertex V1 (Unlubed),7/23/2023,Durock/JWK,Linear,13,4,17,13.9,,,,,,,,,
313,Zeal Clickiez 75g. (Linear),7/10/2022,Gateron,Linear,13,5,18,13.8,,,,,,,,,
313,Designer Studio Graphite Gold,6/26/2022,Durock/JWK,Linear,11,7,18,13.8,,,,,,,,,
313,KNC Keys Chocolate Crinkle Cookies,6/22/2025,Tecsee,Tactile,10,5,15,13.8,,,,,,,,,
313,KTT Peach,6/20/2021,KTT,Linear,13,6,19,13.8,,,,,,,,,
313,DesignerStudio White Jade,6/19/2022,Durock/JWK,Tactile,13,5,18,13.8,,,,,,,,,
313,Mengmoda Honey,6/5/2022,Aflion,Tactile,12,6,18,13.8,,,,,,,,,
319,Novelkeys Cream Arc,5/29/2022,Kailh,Linear,12,6,18,13.7,,,,,,,,,
319,Musetsu,5/22/2022,Durock/JWK,Tactile,13,5,18,13.7,,,,,,,,,
319,Noppoo Brown,5/4/2025,KTT,Tactile,10,5,15,13.7,,,,,,,,,
322,WS Flux HE,4/27/2025,K2,Linear,6,9,15,13.6,,,,,,,,,
322,Taro Ball,4/25/2021,Durock/JWK,Tactile,13,6,19,13.6,,,,,,,,,
322,HMX Crisp,4/12/2026,HMX,Linear,10,4,14,13.6,,,,,,,,,
322,TTC Speed Gold V2,4/6/2025,TTC,Linear,10,5,15,13.6,,,,,,,,,
322,NK x Kailh Speed Heavy Dark Yellow,3/26/2023,Kailh,Linear,10,7,17,13.6,,,,,,,,,
322,TTC x Helix Lab Skylar,3/26/2023,TTC,Clicky,11,6,17,13.6,,,,,,,,,
322,XCJZ x KTT Ice Orange Silent,3/22/2026,KTT,Silent Linear,10,4,14,13.6,,,,,,,,,
329,KTT Matcha,3/21/2021,KTT,Tactile,13,6,19,13.5,,,,,,,,,
329,Akko CS Ocean Blue,3/21/2021,KTT,Tactile,13,6,19,13.5,,,,,,,,,
329,Lumia Matcha (62g),3/20/2022,Unknown,Linear,11,7,18,13.5,,,,,,,,,
332,Opblack,2/13/2020,Durock/JWK,Linear,14,6,20,13.4,,,,,,,,,
332,BSUN Avocado Panda V2,2/5/2023,BSUN,Tactile,12,5,17,13.4,,,,,,,,,
332,Jerrzi Cute Yellow,2/2/2025,Jerrzi,Silent Linear,10,5,15,13.4,,,,,,,,,
332,Tsavorite,1/30/2022,Durock/JWK,Linear,12,6,18,13.4,,,,,,,,,
332,Kailh Pro Light Green (Plate Mount),1/16/2022,Kailh,Clicky,12,6,18,13.4,,,,,,,,,
337,Lavenders,1/2/2020,Durock/JWK,Linear,13,7,20,13.3,,,,,,,,,
337,Gateron Beer,12/31/2023,Gateron,Tactile,11,5,16,13.3,,,,,,,,,
337,Obsidian L,12/18/2022,Durock/JWK,Linear,11,6,17,13.3,,,,,,,,,
337,Haimu Gray Jade Tactile,12/15/2024,Haimu,Tactile,12,3,15,13.3,,,,,,,,,
337,Greetech OG Brown,12/7/2025,Greetech,Tactile,10,4,14,13.3,,,,,,,,,
342,Sarokeys BCP,11/12/2023,BSUN,Linear,13,3,16,13.2,,,,,,,,,
343,Mengmoda Ice Cream,10/21/2023,SOAI,Linear,10,6,16,13.1,,,,,,,,,
343,Leobog Pig Synapse,10/21/2023,SOAI,Tactile,12,4,16,13.1,,,,,,,,,
343,Varmilo Ivy L,10/13/2024,LICHICX,Clicky,10,5,15,13.1,,,,,,,,,
343,Novelkeys Launch Creams,10/10/2021,Kailh,Linear,14,4,18,13.1,,,,,,,,,
347,Meow Claw V2,9/12/2021,Huano,Linear,12,6,18,13.0,,,,,,,,,
348,Seriko,8/15/2021,Durock/JWK,Silent Linear,11,7,18,12.9,,,,,,,,,
348,Kailh Box Silent Brown,8/15/2021,Kailh,Silent Tactile,13,5,18,12.9,,,,,,,,,
348,Kailh Canary,8/15/2021,Kailh,Tactile,13,5,18,12.9,,,,,,,,,
348,Hyte Fluffy Lavender,8/3/2025,Unknown,Linear,10,4,14,12.9,,,,,,,,,
348,Everglide Sakura Pink V2,8/1/2021,Durock/JWK,Linear,12,6,18,12.9,,,,,,,,,
348,Lekker V2 45g Linear,7/20/2025,Grain Gold,Linear,10,4,14,12.9,,,,,,,,,
354,Zoch Flame Shadow,7/6/2025,KTT,Clicky,10,4,14,12.8,,,,,,,,,
354,Monka V3 Cherry Powder,6/25/2023,Haimu,Linear,11,5,16,12.8,,,,,,,,,
354,'Aura' Frost Panda,6/6/2021,Tecsee,Tactile,13,5,18,12.8,,,,,,,,,
354,Gateron Luciola,6/4/2023,Gateron,Linear,11,5,16,12.8,,,,,,,,,
358,Pewters,5/22/2022,Durock/JWK,Tactile,11,6,17,12.7,,,,,,,,,
359,Aflion Black and Orange,4/17/2022,Aflion,Tactile,11,6,17,12.6,,,,,,,,,
359,LCET Blue and Purple,4/9/2023,Unknown,Clicky,11,5,16,12.6,,,,,,,,,
359,Tecsee Volcano Linear,4/6/2025,Tecsee,Linear,10,4,14,12.6,,,,,,,,,
359,Akko Creamy Cyan,4/6/2025,Outemu,Clicky,10,4,14,12.6,,,,,,,,,
359,NK x Kailh Speed Heavy Pale Blue,3/26/2023,Kailh,Clicky,10,6,16,12.6,,,,,,,,,
359,NK x Kailh Speed Heavy Burnt Orange,3/26/2023,Kailh,Tactile,10,6,16,12.6,,,,,,,,,
365,Kailh Box Spring,3/17/2024,Kailh,Linear,10,5,15,12.5,,,,,,,,,
365,Holy Panda X,3/1/2022,Gateron,Tactile,13,4,17,12.5,,,,,,,,,
365,BSUN POM Linear,2/23/2021,BSUN,Linear,13,5,18,12.5,,,,,,,,,
365,Tecsee Honey Peach,2/18/2024,Tecsee,Linear,9,6,15,12.5,,,,,,,,,
369,BSUN Pikachu,2/5/2023,BSUN,Linear,11,5,16,12.4,,,,,,,,,
369,Gateron Magnetic Jade Delta Dark,2/1/2026,Gateron,Linear,8,5,13,12.4,,,,,,,,,
369,Attack Shark Green Jelly,1/19/2025,Unknown,Linear,10,4,14,12.4,,,,,,,,,
369,Leobog Standard Brown,1/14/2024,SOAI,Tactile,10,5,15,12.4,,,,,,,,,
373,Aiguox Dark Sakura Glass,1/5/2025,KTT,Silent Linear,9,5,14,12.3,,,,,,,,,
373,Kailh x Melgeek Hornet HE,12/22/2024,Kailh,Linear,8,6,14,12.3,,,,,,,,,
373,Spring Switch,12/17/2023,BSUN,Linear,9,6,15,12.3,,,,,,,,,
376,Gateron Kangaroo Inks,11/21/2020,Gateron,Tactile,11,7,18,12.2,,,,,,,,,
377,Leobog Nimbus,10/21/2023,SOAI,Linear,10,5,15,12.1,,,,,,,,,
377,Cherry Jailhouse Blue,10/9/2022,Cherry,Tactile,10,6,16,12.1,,,,,,,,,
377,Kailh Box Quicksand Gold,9/26/2021,Kailh,Tactile,12,5,17,12.1,,,,,,,,,
380,Gateron Robin,9/12/2021,Gateron,Linear,12,5,17,12.0,,,,,,,,,
380,Aliaz (80g),9/12/2021,Gateron,Silent Tactile,11,6,17,12.0,,,,,,,,,
380,KTT Cloud Blue,9/12/2021,KTT,Linear,12,5,17,12.0,,,,,,,,,
380,Tecsee Sapphire V2,9/12/2021,Tecsee,Tactile,11,6,17,12.0,,,,,,,,,
380,G-Square Ram V2,9/8/2024,Grain Gold,Tactile,10,4,14,12.0,,,,,,,,,
385,Kailh Box Silent Pink,8/15/2021,Kailh,Silent Linear,13,4,17,11.9,,,,,,,,,
385,Naevy V1,8/15/2021,Tecsee,Tactile,12,5,17,11.9,,,,,,,,,
385,Hexin Workshop Bamboo Green (60g),8/1/2021,Durock/JWK,Tactile,12,5,17,11.9,,,,,,,,,
385,Cherry MX Lumina Brown,7/19/2026,Cherry,Tactile,8,4,12,11.9,,,,,,,,,
389,Zeal Crystal,7/3/2022,Gateron,Tactile,10,6,16,11.8,,,,,,,,,
389,Outemu x XCJZ Dopamine,6/16/2024,Outemu,Silent Linear,9,5,14,11.8,,,,,,,,,
391,Doom Linear,5/25/2025,Meirun,Linear,8,5,13,11.7,,,,,,,,,
391,8008 Ink,5/22/2022,Gateron,Linear,11,5,16,11.7,,,,,,,,,
391,Kingfishers,5/22/2022,Tecsee,Linear,10,6,16,11.7,,,,,,,,,
391,Content Blue (Black Bottom),5/5/2024,KTT,Clicky,9,5,14,11.7,,,,,,,,,
391,AULA Blue,5/4/2025,SOAI,Clicky,9,4,13,11.7,,,,,,,,,
396,Greetech Sunset,4/14/2024,Greetech,Linear,8,6,14,11.6,,,,,,,,,
396,Opgrey,3/26/2023,Durock/JWK,Tactile,7,8,15,11.6,,,,,,,,,
396,KTT ZenCha,3/22/2026,KTT,Silent Tactile,8,4,12,11.6,,,,,,,,,
399,Leobog Wing Chun Magnetic,3/16/2025,SOAI,Linear,8,5,13,11.5,,,,,,,,,
399,Cotton Candy,3/6/2022,Durock/JWK,Tactile,11,5,16,11.5,,,,,,,,,
401,Original Aspiration (Release),2/3/2021,Durock/JWK,Linear,12,5,17,11.4,,,,,,,,,
401,SP Star Ayara,1/30/2022,SP Star,Linear,11,5,16,11.4,,,,,,,,,
403,BSUN Banana Tactile,12/31/2023,BSUN,Tactile,10,4,14,11.3,,,,,,,,,
403,Popu,12/5/2021,Durock/JWK,Linear,11,5,16,11.3,,,,,,,,,
405,Leobog Ice Blue,11/19/2023,SOAI,Clicky,9,5,14,11.2,,,,,,,,,
405,Glorious Panda Silent,11/17/2024,Outemu,Silent Tactile,9,4,13,11.2,,,,,,,,,
407,Mengmoda Holy Panda,10/21/2023,SOAI,Tactile,9,5,14,11.1,,,,,,,,,
407,Teton Cream,10/9/2022,Unknown,Linear,9,6,15,11.1,,,,,,,,,
407,Kailh Box Sky Blue,9/26/2021,Kailh,Clicky,12,4,16,11.1,,,,,,,,,
410,Crane,9/12/2021,Durock/JWK,Tactile,11,5,16,11.0,,,,,,,,,
411,TTC Magnetic Snake White CNY,8/3/2025,TTC,Linear,9,3,12,10.9,,,,,,,,,
411,Kailh Box Dark Chocolate,7/20/2025,Kailh,Linear,8,4,12,10.9,,,,,,,,,
413,Gateron Oil King Silent Tactile,6/21/2026,Gateron,Silent Tactile,9,2,11,10.8,,,,,,,,,
413,Queen,6/6/2021,Durock/JWK,Linear,11,5,16,10.8,,,,,,,,,
413,Frost Panda,6/6/2021,Tecsee,Linear,11,5,16,10.8,,,,,,,,,
413,Strawberry Jelly V2,6/5/2022,Huano,Linear,11,4,15,10.8,,,,,,,,,
413,KTT Cabbage Tofu,6/5/2022,KTT,Linear,11,4,15,10.8,,,,,,,,,
418,Gateron Deepping,5/26/2024,Gateron,Linear,10,3,13,10.7,,,,,,,,,
419,43 Studio Jing,4/7/2024,Durock/JWK,Linear,9,4,13,10.6,,,,,,,,,
420,Outemu Silent Peach,3/20/2022,Outemu,Silent Linear,10,5,15,10.5,,,,,,,,,
420,Tecsee Crystal Lemon,3/16/2025,Tecsee,Tactile,8,4,12,10.5,,,,,,,,,
420,Gateron Mini,3/6/2022,Gateron,Linear,11,4,15,10.5,,,,,,,,,
423,Everglide Lightning Silver Light Green,1/30/2022,Durock/JWK,Linear,8,7,15,10.4,,,,,,,,,
423,Gateron Slate Grey,1/21/2021,Gateron,Linear,12,4,16,10.4,,,,,,,,,
423,Novelia,1/17/2021,Kailh,Tactile,11,5,16,10.4,,,,,,,,,
426,Jerrzi Blue,12/15/2024,Jerrzi,Clicky,8,4,12,10.3,,,,,,,,,
427,Melgeek Plastic,11/19/2023,Kailh,Linear,9,4,13,10.2,,,,,,,,,
428,Huano Silver,10/24/2021,Huano,Linear,11,4,15,10.1,,,,,,,,,
428,Outemu Dustproof Teal,10/9/2022,Outemu,Clicky,10,4,14,10.1,,,,,,,,,
428,TTC Orange Clicky,10/8/2023,TTC,Clicky,9,4,13,10.1,,,,,,,,,
428,Kailh Box Rose Red,9/26/2021,Kailh,Linear,12,3,15,10.1,,,,,,,,,
432,C3 Macho,9/12/2021,Durock/JWK,Linear,10,5,15,10.0,,,,,,,,,
432,Gateron Keyfirst Cream,9/12/2021,Gateron,Linear,10,5,15,10.0,,,,,,,,,
432,Taiwan Jet Axis Yellow,8/22/2021,Unknown,Linear,10,5,15,10.0,,,,,,,,,
435,Healio,8/15/2021,Gateron,Silent Linear,9,6,15,9.9,,,,,,,,,
435,Moyu Black,8/1/2021,Durock/JWK,Tactile,9,6,15,9.9,,,,,,,,,
435,Everglide Amber Orange V2 Pro!,8/1/2021,Durock/JWK,Linear,10,5,15,9.9,,,,,,,,,
435,Everglide Coral Red V2 Pro!,8/1/2021,Durock/JWK,Linear,10,5,15,9.9,,,,,,,,,
435,Konpeitou,7/25/2021,Durock/JWK,Linear,10,5,15,9.9,,,,,,,,,
440,NK x Kailh Chocolate,6/20/2021,Kailh,Linear,10,5,15,9.8,,,,,,,,,
440,Paigu Mocha Cheese,6/16/2024,Unknown,Linear,9,3,12,9.8,,,,,,,,,
440,HTMZ Pink,6/8/2025,Yusya,Linear,8,3,11,9.8,,,,,,,,,
443,Durock Sunflower,5/28/2021,Durock/JWK,Tactile,10,5,15,9.7,,,,,,,,,
443,Everglide Sky Blue V2.5,5/22/2022,Durock/JWK,Linear,9,5,14,9.7,,,,,,,,,
443,LCET Red (Black Bottom),5/21/2023,Unknown,Linear,9,4,13,9.7,,,,,,,,,
443,Gateron Genty Silent HE,5/4/2025,Gateron,Silent Linear,8,3,11,9.7,,,,,,,,,
447,TTC Razer Dustproof Green,10/9/2022,TTC,Clicky,9,4,13,9.1,,,,,,,,,
447,Huano Clicky White,10/8/2023,Huano,Clicky,8,4,12,9.1,,,,,,,,,
449,Glorious Lynx (Unlubed),8/29/2021,Tecsee,Linear,9,5,14,9.0,,,,,,,,,
450,Everglide Jade Green V2,8/1/2021,Durock/JWK,Tactile,10,4,14,8.9,,,,,,,,,
451,Zeal Pearlio,7/3/2022,Gateron,Linear,8,5,13,8.8,,,,,,,,,
452,Ethereal Panda,5/22/2022,Tecsee,Tactile,8,5,13,8.7,,,,,,,,,
453,Akko Pink,1/16/2022,Huano,Linear,9,4,13,8.4,,,,,,,,,
454,Honeycomb,1/8/2023,Meirun,Linear,8,4,12,8.3,,,,,,,,,
455,Original Aspiration (Sample),9/18/2020,Durock/JWK,Linear,10,4,14,8.0,,,,,,,,,
456,Gateron N1,8/15/2021,Gateron,Linear,8,5,13,7.9,,,,,,,,,
457,TTC Razer Dustproof Orange,10/9/2022,TTC,Tactile,7,4,11,7.1,,,,,,,,,
458,Gateron Ink Blue V1,8/15/2021,Gateron,Clicky,9,3,12,6.9,,,,,,,,,
458,KK Lightwave,8/15/2021,Tecsee,Linear,7,5,12,6.9,,,,,,,,,
460,Greetech Razer Yellow,1/16/2022,Greetech,Linear,7,4,11,6.4,,,,,,,,,
460,Greetech Razer Orange,1/16/2022,Greetech,Tactile,7,4,11,6.4,,,,,,,,,
462,TTC Razer Dustproof Yellow,10/9/2022,TTC,Linear,7,3,10,6.1,,,,,,,,,
463,RAMA WORKS Duck,7/24/2022,Gateron,Linear,5,5,10,5.9,,,,,,,,,
464,Snow Whites,5/22/2022,Durock/JWK,Linear,7,3,10,5.7,,,,,,,,,
465,Greetech Razer Green,1/16/2022,Greetech,Clicky,6,4,10,5.4,,,,,,,,,
466,OArmy Green,10/9/2022,Greetech,Clicky,7,2,9,5.1,,,,,,,,,
,,,,,,,,,,,,,,,,,
AVG,AVERAGE OF ALL,,-,-,12.5,5.9,18.4,15.3,,,,,,,,,
 - LINEAR RANKINGS -,,,,,,,,,,,,,,,,,
Rank,Switch Name,Date,Manufacturer,Type,Context,Other,"Timeless
Total","Time Wtd. 
Total",,,,,,,,,
1,Cherry MX 'New Nixie' (Black Clear-Top),12/4/2022,Cherry,Linear,18,10,28,24.3,,,,,,,,,
2,Gateron G Pro 3.0 Yellow,8/6/2023,Gateron,Linear,18,9,27,23.9,,,,,,,,,
3,Gateron X V3,6/28/2025,Gateron,Linear,16,9,25,23.8,,,,,,,,,
4,HMX Egg Yolk,7/12/2026,HMX,Linear,14,8,22,21.9,,,,,,,,,
5,Geon Raw HE,12/15/2024,Grain Gold,Linear,15,8,23,21.3,,,,,,,,,
6,Everfree Cedar,9/22/2024,Gateron,Linear,16,7,23,21.1,,,,,,,,,
7,Keygeek Y2 (20mm/45g),8/24/2025,Keygeek,Linear,14,8,22,21.0,,,,,,,,,
8,Novelkeys Classic Blue,8/10/2025,Unknown,Linear,17,5,22,20.9,,,,,,,,,
9,Wingtree 277,1/11/2026,Wingtree,Linear,15,6,21,20.4,,,,,,,,,
10,Akko Mirror,11/24/2024,HMX,Linear,16,6,22,20.2,,,,,,,,,
11,Invokeys Black Sesame,10/2/2022,Aflion,Linear,17,7,24,20.1,,,,,,,,,
11,Diamond Avalon,10/1/2023,Unknown,Linear,15,8,23,20.1,,,,,,,,,
13,Keychron x Gateron Aurora,9/8/2024,Gateron,Linear,15,7,22,20.0,,,,,,,,,
13,Akko Creamy Yellow U1,8/16/2026,Huano,Linear,16,4,20,20.0,,,,,,,,,
15,Akko Flash Magnetic,8/9/2026,Outemu,Linear,15,5,20,19.9,,,,,,,,,
16,Huano Caramel Latte,6/23/2024,Huano,Linear,14,8,22,19.8,,,,,,,,,
16,Momoka Frog V3,6/12/2021,Momoka,Linear,17,8,25,19.8,,,,,,,,,
16,Gravastar UFO Purple,6/7/2026,Unknown,Linear,10,10,20,19.8,,,,,,,,,
19,Geon Lucifer HE,5/4/2025,Grain Gold,Linear,14,7,21,19.7,,,,,,,,,
20,NK Silk Mictlan,3/5/2023,Durock/JWK,Linear,16,7,23,19.5,,,,,,,,,
20,Keebz n Cables x HMX Ice Cendol,3/2/2025,HMX,Linear,15,6,21,19.5,,,,,,,,,
22,Novelkeys Cream+ (Copper Insert),1/1/2023,Kailh,Linear,15,8,23,19.3,,,,,,,,,
22,Novelkeys Cream+ (Titanium Insert),1/1/2023,Kailh,Linear,15,8,23,19.3,,,,,,,,,
22,Novelkeys Cream+ (No Insert),1/1/2023,Kailh,Linear,15,8,23,19.3,,,,,,,,,
25,Keygeek Oat,11/10/2024,Keygeek,Linear,15,6,21,19.2,,,,,,,,,
25,Gateron X Yellow,11/7/2021,Gateron,Linear,17,7,24,19.2,,,,,,,,,
27,Durock Sea Glass,9/3/2023,Durock/JWK,Linear,15,7,22,19.0,,,,,,,,,
27,Cherry MX2A RGB Black (3 Pin),8/27/2023,Cherry,Linear,16,6,22,19.0,,,,,,,,,
29,Kailh Prestige Delighted,8/11/2024,Kailh,Linear,13,8,21,18.9,,,,,,,,,
29,Gateron Yellow KS-8,8/1/2021,Gateron,Linear,16,8,24,18.9,,,,,,,,,
29,Keygeek Athena,7/13/2025,Keygeek,Linear,14,6,20,18.9,,,,,,,,,
32,Blueberry Swirl,6/4/2023,KTT,Linear,15,7,22,18.8,,,,,,,,,
33,TTC Neptune,4/23/2023,TTC,Linear,15,7,22,18.6,,,,,,,,,
33,Taro N Sweet Potato V2,4/19/2026,BSUN,Linear,14,5,19,18.6,,,,,,,,,
33,Wuque Studio Onion,3/27/2022,Durock/JWK,Linear,15,8,23,18.6,,,,,,,,,
36,Wuque Studio Morandi,3/19/2023,Haimu,Linear,14,8,22,18.5,,,,,,,,,
36,Keygeek Muse,2/15/2026,Keygeek,Linear,13,6,19,18.5,,,,,,,,,
38,Invokeys Matcha Latte,1/9/2022,Aflion,Linear,17,6,23,18.4,,,,,,,,,
39,Caramel Chocolate (Lubed),12/31/2023,LICHICX,Linear,15,6,21,18.3,,,,,,,,,
39,Alpaca V2,12/6/2020,Durock/JWK,Linear,16,8,24,18.3,,,,,,,,,
41,Akko V3 Cream Yellow,11/20/2022,KTT,Linear,16,6,22,18.2,,,,,,,,,
41,Zealios V1 Linear,11/7/2021,Gateron,Linear,15,8,23,18.2,,,,,,,,,
41,KTT Wine Red Pro,11/2/2025,KTT,Linear,13,6,19,18.2,,,,,,,,,
44,"Wingtree Nezuko (Dry, 55g)",9/20/2026,Wingtree,Linear,12,6,18,18.0,,,,,,,,,
45,Penyu,8/15/2021,Durock/JWK,Linear,16,7,23,17.9,,,,,,,,,
45,JWICK Ginger Milk,8/14/2022,Durock/JWK,Linear,14,8,22,17.9,,,,,,,,,
45,Wingtree Jadeite,7/12/2026,Wingtree,Linear,13,5,18,17.9,,,,,,,,,
48,Huano Fi,7/2/2023,Huano,Linear,13,8,21,17.8,,,,,,,,,
48,HMX Yogurt S (37g),6/28/2026,HMX,Linear,12,6,18,17.8,,,,,,,,,
48,WS Arowana Red,6/8/2025,HMX,Linear,14,5,19,17.8,,,,,,,,,
51,Gateron Speed Silver Pro,5/28/2021,Gateron,Linear,15,8,23,17.7,,,,,,,,,
51,Gateron Pro Yellow,5/28/2021,Gateron,Linear,15,8,23,17.7,,,,,,,,,
51,TTC Tiger,5/15/2022,TTC,Linear,14,8,22,17.7,,,,,,,,,
51,Raptor MX Extreme,5/12/2024,HMX,Linear,15,5,20,17.7,,,,,,,,,
51,Shortcut Studio SC,5/4/2025,HMX,Linear,14,5,19,17.7,,,,,,,,,
56,Raed,4/25/2021,Tecsee,Linear,16,7,23,17.6,,,,,,,,,
56,Wingtree Coral,4/26/2026,Wingtree,Linear,13,5,18,17.6,,,,,,,,,
56,Geon Raptor MX,4/7/2024,BSUN,Linear,15,5,20,17.6,,,,,,,,,
56,PantheonKeys x TTC PT Black,3/29/2026,TTC,Linear,13,5,18,17.6,,,,,,,,,
60,Akko CS Rose Red,3/21/2021,KTT,Linear,16,7,23,17.5,,,,,,,,,
60,Gateron Lunar Probe,2/25/2024,Gateron,Linear,14,6,20,17.5,,,,,,,,,
62,Kailh Calligraphy,1/25/2026,Kailh,Linear,11,7,18,17.4,,,,,,,,,
62,Gateron Oil King,1/23/2022,Gateron,Linear,15,7,22,17.4,,,,,,,,,
64,Mitarashi Dango,12/29/2024,Unknown,Linear,15,4,19,17.3,,,,,,,,,
64,Invokeys Purple Rice,12/17/2023,BSUN,Linear,14,6,20,17.3,,,,,,,,,
66,Wingtree Yuci HE,11/30/2025,Co-Gain/XUDA,Linear,13,5,18,17.2,,,,,,,,,
66,Nixie Black,11/7/2020,Cherry,Linear,14,9,23,17.2,,,,,,,,,
68,Gateron Cream Soda,10/23/2022,Gateron,Linear,14,7,21,17.1,,,,,,,,,
68,Novelkeys Dream Cream,10/16/2022,Kailh,Linear,13,8,21,17.1,,,,,,,,,
68,Keygeek Raspberry,10/13/2024,Keygeek,Linear,14,5,19,17.1,,,,,,,,,
68,Ajazz x Huano Peach,9/26/2021,Huano,Linear,15,7,22,17.1,,,,,,,,,
72,TTC Wild (42g.),9/5/2021,TTC,Linear,14,8,22,17.0,,,,,,,,,
72,SWK Ripple,9/1/2024,SWK,Linear,14,5,19,17.0,,,,,,,,,
72,Keygeek VC,8/17/2025,Keygeek,Linear,13,5,18,17.0,,,,,,,,,
72,Gateron Icey Spring,9/20/2026,Gateron,Linear,11,6,17,17.0,,,,,,,,,
76,Gateron Vermilion Bird,8/15/2021,Gateron,Linear,15,7,22,16.9,,,,,,,,,
76,DareU Mahjong,8/6/2023,Huano,Linear,12,8,20,16.9,,,,,,,,,
76,Everglide Magneto UE,7/20/2025,Grain Gold,Linear,13,5,18,16.9,,,,,,,,,
79,Durock Mocha Silk,6/22/2025,Durock/JWK,Linear,12,6,18,16.8,,,,,,,,,
80,Mode Reflex,5/22/2022,Durock/JWK,Linear,15,6,21,16.7,,,,,,,,,
80,Jerrzi Poseidon,5/5/2024,Jerrzi,Linear,11,8,19,16.7,,,,,,,,,
82,Keygeek Full Nylon,4/26/2026,Keygeek,Linear,10,7,17,16.6,,,,,,,,,
82,Gateron Mink,4/3/2022,Gateron,Linear,14,7,21,16.6,,,,,,,,,
84,Kailh Christmas Tree,3/13/2022,Kailh,Linear,12,9,21,16.5,,,,,,,,,
84,Everglide V3 'Water King' (60g),2/28/2020,Durock/JWK,Linear,15,8,23,16.5,,,,,,,,,
84,Cherry Viola,2/25/2024,Cherry,Linear,12,7,19,16.5,,,,,,,,,
84,Obsidian Pro,2/20/2022,Durock/JWK,Linear,14,7,21,16.5,,,,,,,,,
88,BSUN Agarwood,2/9/2025,BSUN,Linear,13,5,18,16.4,,,,,,,,,
88,Jerrzi Blueberry Mousse,2/2/2025,Jerrzi,Linear,13,5,18,16.4,,,,,,,,,
88,Gamakay Jupiter,1/28/2024,Outemu,Linear,13,6,19,16.4,,,,,,,,,
88,Long Hua Cardamom,1/19/2025,Kailh,Linear,10,8,18,16.4,,,,,,,,,
92,Rubrehose Brown,1/8/2023,Tecsee,Linear,13,7,20,16.3,,,,,,,,,
93,HMX Anti,11/22/2025,HMX,Linear,9,8,17,16.2,,,,,,,,,
93,HMX WJBY Su Color,11/17/2024,HMX,Linear,12,6,18,16.2,,,,,,,,,
93,EMT V2,10/30/2022,Haimu,Linear,13,7,20,16.2,,,,,,,,,
96,Gateron Box Ink Black,10/24/2021,Gateron,Linear,15,6,21,16.1,,,,,,,,,
96,Gateron Box Ink Pink,10/16/2021,Gateron,Linear,15,6,21,16.1,,,,,,,,,
98,Moyu Studio x XCJZ Snow Grape,9/17/2023,Unknown,Linear,14,5,19,16.0,,,,,,,,,
98,KFA Lubed Pink Robin,9/11/2022,Aflion,Linear,14,6,20,16.0,,,,,,,,,
98,Keygeek Sunflower,9/7/2025,Keygeek,Linear,12,5,17,16.0,,,,,,,,,
101,Cherry MX Orange,7/21/2024,Cherry,Linear,13,5,18,15.9,,,,,,,,,
102,Kailh Box Luna,7/6/2025,Kailh,Linear,9,8,17,15.8,,,,,,,,,
102,KTT Kang White,6/20/2021,KTT,Linear,14,7,21,15.8,,,,,,,,,
104,Gateron Magnetic Green Dragon HE,6/1/2025,Gateron,Linear,11,6,17,15.7,,,,,,,,,
104,Huano Pineapple,5/28/2023,Huano,Linear,14,5,19,15.7,,,,,,,,,
104,Hoshizora,5/22/2022,Durock/JWK,Linear,13,7,20,15.7,,,,,,,,,
107,Wingtree Camellia (52g),4/26/2026,Wingtree,Linear,12,4,16,15.6,,,,,,,,,
107,Keygeek Cera X (48g),4/12/2026,Keygeek,Linear,11,5,16,15.6,,,,,,,,,
107,Gateron Hippo,4/4/2021,Gateron,Linear,14,7,21,15.6,,,,,,,,,
107,KTT Teresa,3/30/2025,KTT,Linear,12,5,17,15.6,,,,,,,,,
107,Ball Bearing Blue,3/24/2024,Unknown,Linear,9,9,18,15.6,,,,,,,,,
112,Tecsee Christmas Dolphin,3/17/2024,Tecsee,Linear,11,7,18,15.5,,,,,,,,,
113,Kailh Box Speed Ultimate,2/13/2022,Kailh,Linear,14,6,20,15.4,,,,,,,,,
113,Everfree Fast Silver,2/8/2026,Gateron,Linear,12,4,16,15.4,,,,,,,,,
113,Huano Earth Yellow,2/5/2023,Huano,Linear,13,6,19,15.4,,,,,,,,,
113,KTT Strawberry,1/30/2021,KTT,Linear,15,6,21,15.4,,,,,,,,,
113,Kailh Pro Burgundy (Plate Mount),1/16/2022,Kailh,Linear,13,7,20,15.4,,,,,,,,,
113,Gateron Ink Yellow V2,1/16/2022,Gateron,Linear,14,6,20,15.4,,,,,,,,,
119,SP Star Sacramento,12/26/2021,SP Star,Linear,13,7,20,15.3,,,,,,,,,
119,BSUN Milk Tea Siam V2,12/15/2024,BSUN,Linear,12,5,17,15.3,,,,,,,,,
121,SWK Jieum V2,12/3/2023,SWK,Linear,13,5,18,15.2,,,,,,,,,
121,Akko Dracula,12/1/2024,Outemu,Linear,12,5,17,15.2,,,,,,,,,
121,Akko CS Jelly White,11/21/2021,KTT,Linear,15,5,20,15.2,,,,,,,,,
121,Keyfirst Bling Blue,11/5/2023,Haimu,Linear,10,8,18,15.2,,,,,,,,,
125,Varmilo EC V2 Daisy,10/21/2023,Unknown,Linear,12,6,18,15.1,,,,,,,,,
125,Gateron CJ,10/3/2021,Gateron,Linear,14,6,20,15.1,,,,,,,,,
125,Gateron Pro Ultra Glory Yellow,9/29/2024,Gateron,Linear,12,5,17,15.1,,,,,,,,,
125,SW Cocoblack,9/21/2025,Durock/JWK,Linear,12,4,16,15.1,,,,,,,,,
129,Auralite,8/29/2021,Tecsee,Linear,14,6,20,15.0,,,,,,,,,
129,Wuque WS POM+,8/18/2024,Gateron,Linear,14,3,17,15.0,,,,,,,,,
129,KTT Lightning V2,9/6/2026,KTT,Linear,10,5,15,15.0,,,,,,,,,
132,Lubed Black Geon Switch,8/7/2022,Tecsee,Linear,14,5,19,14.9,,,,,,,,,
132,Star Grey,8/1/2021,SP Star,Linear,13,7,20,14.9,,,,,,,,,
132,TTC Gold Pink,8/1/2021,TTC,Linear,14,6,20,14.9,,,,,,,,,
132,Unionwell Xueyao,7/26/2026,Greetech,Linear,10,5,15,14.9,,,,,,,,,
136,Gateron Dual-Rail Magnetic Orange,6/9/2024,Gateron,Linear,10,7,17,14.8,,,,,,,,,
137,Husky,5/30/2021,Tecsee,Linear,14,6,20,14.7,,,,,,,,,
137,Chosfox Hanami Dango Pink,5/21/2023,Durock/JWK,Linear,12,6,18,14.7,,,,,,,,,
137,Novelkeys Box Cream,5/9/2021,Kailh,Linear,14,6,20,14.7,,,,,,,,,
137,Gateron UHMknown,4/30/2023,Gateron,Linear,12,6,18,14.7,,,,,,,,,
141,Kailh Extreme Slippery,3/23/2025,Kailh,Linear,11,5,16,14.6,,,,,,,,,
142,"TTC Magneto, King of Magnets POM",3/16/2025,TTC,Linear,10,6,16,14.5,,,,,,,,,
143,LCET Christmas Star,2/2/2025,Unknown,Linear,10,6,16,14.4,,,,,,,,,
143,Feker Emerald Cabbage,1/21/2024,Unknown,Linear,11,6,17,14.4,,,,,,,,,
143,SP Star Marble Soda Melon,1/16/2022,SP Star,Linear,13,6,19,14.4,,,,,,,,,
146,Cherry MX Firefinch,1/4/2026,Cherry,Linear,10,5,15,14.3,,,,,,,,,
146,Durock POM Linear (Sample),12/20/2020,Durock/JWK,Linear,13,7,20,14.3,,,,,,,,,
146,Unionwell Polar Magnetic Pro+,12/14/2025,Greetech,Linear,9,6,15,14.3,,,,,,,,,
149,Akko CS Starfish,11/21/2021,KTT,Linear,14,5,19,14.2,,,,,,,,,
149,Huano Grape Orange,11/17/2024,Huano,Linear,11,5,16,14.2,,,,,,,,,
149,Gateron Mochi,11/7/2021,Gateron,Linear,14,5,19,14.2,,,,,,,,,
152,RRE Blacks,10/24/2021,Unknown,Linear,14,5,19,14.1,,,,,,,,,
152,Qeeke Begonia (Crabapple),10/21/2023,Jerrzi,Linear,11,6,17,14.1,,,,,,,,,
152,Varmilo EC V2 Rose,10/21/2023,Unknown,Linear,12,5,17,14.1,,,,,,,,,
152,Varmilo EC V2 Sakura,10/21/2023,Unknown,Linear,12,5,17,14.1,,,,,,,,,
152,Cow Orange,10/10/2021,Tecsee,Linear,13,6,19,14.1,,,,,,,,,
157,KTT Sea Salt,9/12/2021,KTT,Linear,13,6,19,14.0,,,,,,,,,
158,Quartz,8/1/2021,Durock/JWK,Linear,13,6,19,13.9,,,,,,,,,
158,Vertex V1 (Unlubed),7/23/2023,Durock/JWK,Linear,13,4,17,13.9,,,,,,,,,
160,Zeal Clickiez 75g. (Linear),7/10/2022,Gateron,Linear,13,5,18,13.8,,,,,,,,,
160,Designer Studio Graphite Gold,6/26/2022,Durock/JWK,Linear,11,7,18,13.8,,,,,,,,,
160,KTT Peach,6/20/2021,KTT,Linear,13,6,19,13.8,,,,,,,,,
163,Novelkeys Cream Arc,5/29/2022,Kailh,Linear,12,6,18,13.7,,,,,,,,,
164,WS Flux HE,4/27/2025,K2,Linear,6,9,15,13.6,,,,,,,,,
164,HMX Crisp,4/12/2026,HMX,Linear,10,4,14,13.6,,,,,,,,,
164,TTC Speed Gold V2,4/6/2025,TTC,Linear,10,5,15,13.6,,,,,,,,,
164,NK x Kailh Speed Heavy Dark Yellow,3/26/2023,Kailh,Linear,10,7,17,13.6,,,,,,,,,
168,Lumia Matcha (62g),3/20/2022,Unknown,Linear,11,7,18,13.5,,,,,,,,,
169,Opblack,2/13/2020,Durock/JWK,Linear,14,6,20,13.4,,,,,,,,,
169,Tsavorite,1/30/2022,Durock/JWK,Linear,12,6,18,13.4,,,,,,,,,
171,Lavenders,1/2/2020,Durock/JWK,Linear,13,7,20,13.3,,,,,,,,,
171,Obsidian L,12/18/2022,Durock/JWK,Linear,11,6,17,13.3,,,,,,,,,
173,Sarokeys BCP,11/12/2023,BSUN,Linear,13,3,16,13.2,,,,,,,,,
174,Mengmoda Ice Cream,10/21/2023,SOAI,Linear,10,6,16,13.1,,,,,,,,,
174,Novelkeys Launch Creams,10/10/2021,Kailh,Linear,14,4,18,13.1,,,,,,,,,
176,Meow Claw V2,9/12/2021,Huano,Linear,12,6,18,13.0,,,,,,,,,
177,Hyte Fluffy Lavender,8/3/2025,Unknown,Linear,10,4,14,12.9,,,,,,,,,
177,Everglide Sakura Pink V2,8/1/2021,Durock/JWK,Linear,12,6,18,12.9,,,,,,,,,
177,Lekker V2 45g Linear,7/20/2025,Grain Gold,Linear,10,4,14,12.9,,,,,,,,,
180,Monka V3 Cherry Powder,6/25/2023,Haimu,Linear,11,5,16,12.8,,,,,,,,,
180,Gateron Luciola,6/4/2023,Gateron,Linear,11,5,16,12.8,,,,,,,,,
182,Tecsee Volcano Linear,4/6/2025,Tecsee,Linear,10,4,14,12.6,,,,,,,,,
183,Kailh Box Spring,3/17/2024,Kailh,Linear,10,5,15,12.5,,,,,,,,,
183,BSUN POM Linear,2/23/2021,BSUN,Linear,13,5,18,12.5,,,,,,,,,
183,Tecsee Honey Peach,2/18/2024,Tecsee,Linear,9,6,15,12.5,,,,,,,,,
186,BSUN Pikachu,2/5/2023,BSUN,Linear,11,5,16,12.4,,,,,,,,,
186,Gateron Magnetic Jade Delta Dark,2/1/2026,Gateron,Linear,8,5,13,12.4,,,,,,,,,
186,Attack Shark Green Jelly,1/19/2025,Unknown,Linear,10,4,14,12.4,,,,,,,,,
189,Kailh x Melgeek Hornet HE,12/22/2024,Kailh,Linear,8,6,14,12.3,,,,,,,,,
189,Spring Switch,12/17/2023,BSUN,Linear,9,6,15,12.3,,,,,,,,,
191,Leobog Nimbus,10/21/2023,SOAI,Linear,10,5,15,12.1,,,,,,,,,
192,KTT Cloud Blue,9/12/2021,KTT,Linear,12,5,17,12.0,,,,,,,,,
192,Gateron Robin,9/12/2021,Gateron,Linear,12,5,17,12.0,,,,,,,,,
194,Doom Linear,5/25/2025,Meirun,Linear,8,5,13,11.7,,,,,,,,,
194,Kingfishers,5/22/2022,Tecsee,Linear,10,6,16,11.7,,,,,,,,,
194,8008 Ink,5/22/2022,Gateron,Linear,11,5,16,11.7,,,,,,,,,
197,Greetech Sunset,4/14/2024,Greetech,Linear,8,6,14,11.6,,,,,,,,,
198,Leobog Wing Chun Magnetic,3/16/2025,SOAI,Linear,8,5,13,11.5,,,,,,,,,
199,Original Aspiration (Release),2/3/2021,Durock/JWK,Linear,12,5,17,11.4,,,,,,,,,
199,SP Star Ayara,1/30/2022,SP Star,Linear,11,5,16,11.4,,,,,,,,,
201,Popu,12/5/2021,Durock/JWK,Linear,11,5,16,11.3,,,,,,,,,
202,Teton Cream,10/9/2022,Unknown,Linear,9,6,15,11.1,,,,,,,,,
203,TTC Magnetic Snake White CNY,8/3/2025,TTC,Linear,9,3,12,10.9,,,,,,,,,
203,Kailh Box Dark Chocolate,7/20/2025,Kailh,Linear,8,4,12,10.9,,,,,,,,,
205,Strawberry Jelly V2,6/5/2022,Huano,Linear,11,4,15,10.8,,,,,,,,,
205,Frost Panda,6/6/2021,Tecsee,Linear,11,5,16,10.8,,,,,,,,,
205,KTT Cabbage Tofu,6/5/2022,KTT,Linear,11,4,15,10.8,,,,,,,,,
205,Queen,6/6/2021,Durock/JWK,Linear,11,5,16,10.8,,,,,,,,,
209,Gateron Deepping,5/26/2024,Gateron,Linear,10,3,13,10.7,,,,,,,,,
210,43 Studio Jing,4/7/2024,Durock/JWK,Linear,9,4,13,10.6,,,,,,,,,
211,Gateron Mini,3/6/2022,Gateron,Linear,11,4,15,10.5,,,,,,,,,
212,Everglide Lightning Silver Light Green,1/30/2022,Durock/JWK,Linear,8,7,15,10.4,,,,,,,,,
212,Gateron Slate Grey,1/21/2021,Gateron,Linear,12,4,16,10.4,,,,,,,,,
214,Melgeek Plastic,11/19/2023,Kailh,Linear,9,4,13,10.2,,,,,,,,,
215,Huano Silver,10/24/2021,Huano,Linear,11,4,15,10.1,,,,,,,,,
215,Kailh Box Rose Red,9/26/2021,Kailh,Linear,12,3,15,10.1,,,,,,,,,
217,Gateron Keyfirst Cream,9/12/2021,Gateron,Linear,10,5,15,10.0,,,,,,,,,
217,C3 Macho,9/12/2021,Durock/JWK,Linear,10,5,15,10.0,,,,,,,,,
217,Taiwan Jet Axis Yellow,8/22/2021,Unknown,Linear,10,5,15,10.0,,,,,,,,,
220,Everglide Amber Orange V2 Pro!,8/1/2021,Durock/JWK,Linear,10,5,15,9.9,,,,,,,,,
220,Everglide Coral Red V2 Pro!,8/1/2021,Durock/JWK,Linear,10,5,15,9.9,,,,,,,,,
220,Konpeitou,7/25/2021,Durock/JWK,Linear,10,5,15,9.9,,,,,,,,,
223,NK x Kailh Chocolate,6/20/2021,Kailh,Linear,10,5,15,9.8,,,,,,,,,
223,Paigu Mocha Cheese,6/16/2024,Unknown,Linear,9,3,12,9.8,,,,,,,,,
223,HTMZ Pink,6/8/2025,Yusya,Linear,8,3,11,9.8,,,,,,,,,
226,Everglide Sky Blue V2.5,5/22/2022,Durock/JWK,Linear,9,5,14,9.7,,,,,,,,,
226,LCET Red (Black Bottom),5/21/2023,Unknown,Linear,9,4,13,9.7,,,,,,,,,
228,Glorious Lynx (Unlubed),8/29/2021,Tecsee,Linear,9,5,14,9.0,,,,,,,,,
229,Zeal Pearlio,7/3/2022,Gateron,Linear,8,5,13,8.8,,,,,,,,,
230,Akko Pink,1/16/2022,Huano,Linear,9,4,13,8.4,,,,,,,,,
231,Honeycomb,1/8/2023,Meirun,Linear,8,4,12,8.3,,,,,,,,,
232,Original Aspiration (Sample),9/18/2020,Durock/JWK,Linear,10,4,14,8.0,,,,,,,,,
233,Gateron N1,8/15/2021,Gateron,Linear,8,5,13,7.9,,,,,,,,,
234,KK Lightwave,8/15/2021,Tecsee,Linear,7,5,12,6.9,,,,,,,,,
235,Greetech Razer Yellow,1/16/2022,Greetech,Linear,7,4,11,6.4,,,,,,,,,
236,TTC Razer Dustproof Yellow,10/9/2022,TTC,Linear,7,3,10,6.1,,,,,,,,,
237,RAMA WORKS Duck,7/24/2022,Gateron,Linear,5,5,10,5.9,,,,,,,,,
238,Snow Whites,5/22/2022,Durock/JWK,Linear,7,3,10,5.7,,,,,,,,,
,,,,,,,,,,,,,,,,,
AVG,AVERAGE OF ALL,,-,-,12.3,5.9,18.2,15.1,,,,,,,,,
 - TACTILE RANKINGS -,,,,,,,,,,,,,,,,,
Rank,Switch Name,Date,Manufacturer,Type,Context,Other,"Timeless
Total","Time Wtd. 
Total",,,,,,,,,
1,Gateron Lanes,9/14/2025,Gateron,Tactile,17,9,26,25.0,,,,,,,,,
2,AEBoards Naevy EC,3/9/2025,Tecsee,Tactile,15,10,25,23.5,,,,,,,,,
3,Hojicha Reserve,9/15/2024,BSUN,Tactile,16,8,24,22.0,,,,,,,,,
4,Penguins,3/26/2023,Durock/JWK,Tactile,17,8,25,21.6,,,,,,,,,
5,Sillyworks x Gateron Type R,1/12/2025,Gateron,Tactile,14,9,23,21.4,,,,,,,,,
6,Invokeys Goji Reserve,10/26/2025,BSUN,Tactile,16,6,22,21.1,,,,,,,,,
7,Everfree Grayish Tactile,4/28/2024,Gateron,Tactile,16,7,23,20.7,,,,,,,,,
8,Cookies n' Cream,1/29/2024,KTT,Tactile,16,7,23,20.4,,,,,,,,,
9,Invokeys Blueberry Chiffon,8/21/2022,Aflion,Tactile,17,7,24,20.0,,,,,,,,,
9,Wingtree Torrero,9/6/2026,Wingtree,Tactile,14,6,20,20.0,,,,,,,,,
11,CK x Haimu Pastel Thistle,7/23/2023,Haimu,Tactile,16,7,23,19.9,,,,,,,,,
12,Gateron Longjing Tea,7/6/2025,Gateron,Tactile,15,6,21,19.8,,,,,,,,,
12,Wuque Light Tactile,6/16/2024,Haimu,Tactile,16,6,22,19.8,,,,,,,,,
14,NuPhy Lemon,4/6/2025,Gateron,Tactile,15,6,21,19.6,,,,,,,,,
14,U4T (62g),3/26/2023,Outemu,Tactile,15,8,23,19.6,,,,,,,,,
16,Gateron SolDark,12/5/2021,Gateron,Tactile,16,8,24,19.3,,,,,,,,,
17,Akko Bittersweet,11/30/2025,Outemu,Tactile,15,5,20,19.2,,,,,,,,,
18,Ajazz x Huano Kiwi,10/10/2021,Huano,Tactile,15,9,24,19.1,,,,,,,,,
18,Cherry MX Falcon,10/5/2025,Cherry,Tactile,14,6,20,19.1,,,,,,,,,
20,Kailh Xuan,8/30/2026,Kailh,Tactile,11,8,19,19.0,,,,,,,,,
21,Haimu Frost Crystal,7/26/2026,Haimu,Tactile,13,6,19,18.9,,,,,,,,,
22,Zeal Clickiez 75g. (Tactile),7/10/2022,Gateron,Tactile,15,8,23,18.8,,,,,,,,,
23,Akko Cilantro,5/18/2025,HMX,Tactile,15,5,20,18.7,,,,,,,,,
23,Cherry MX Ergo Clear (3 Pin),5/7/2023,Cherry,Tactile,15,7,22,18.7,,,,,,,,,
23,Neapolitan Ice Creams,5/2/2021,Tecsee,Tactile,16,8,24,18.7,,,,,,,,,
26,Wingtree BM11,4/12/2026,Wingtree,Tactile,13,6,19,18.6,,,,,,,,,
26,HMX Valerian,4/5/2026,HMX,Tactile,13,6,19,18.6,,,,,,,,,
26,SP Star Magic Girl (Classic),3/26/2023,SP Star,Tactile,16,6,22,18.6,,,,,,,,,
29,HMX Black Cat,2/22/2026,HMX,Tactile,14,5,19,18.5,,,,,,,,,
30,MODE Tomorrow,1/15/2023,Outemu,Tactile,16,6,22,18.4,,,,,,,,,
30,HMX Snowfall,1/11/2026,HMX,Tactile,13,6,19,18.4,,,,,,,,,
30,HMX Longjing S,1/11/2026,HMX,Tactile,14,5,19,18.4,,,,,,,,,
33,Keychron Super Banana,12/22/2024,Unknown,Tactile,16,4,20,18.3,,,,,,,,,
33,Zaku II,12/10/2023,Tecsee,Tactile,15,6,21,18.3,,,,,,,,,
35,Winkeyless.KR Zeal Clear,11/14/2021,Gateron,Tactile,16,7,23,18.2,,,,,,,,,
35,Cherry MX Petal,11/8/2025,Cherry,Tactile,12,7,19,18.2,,,,,,,,,
35,HMX Firecracker,11/2/2025,HMX,Tactile,12,7,19,18.2,,,,,,,,,
38,Tecsee Middle Switch Tactile,10/15/2023,Tecsee,Tactile,14,7,21,18.1,,,,,,,,,
38,BSUN Peach Mellow,9/21/2025,BSUN,Tactile,13,6,19,18.1,,,,,,,,,
40,JWICK Taro,8/14/2022,Durock/JWK,Tactile,14,8,22,17.9,,,,,,,,,
40,Harimau,8/8/2021,Durock/JWK,Tactile,16,7,23,17.9,,,,,,,,,
40,C3 Kiwi,8/1/2021,Durock/JWK,Tactile,15,8,23,17.9,,,,,,,,,
43,Tecsee Ice Milk Tactile,6/19/2022,Tecsee,Tactile,15,7,22,17.8,,,,,,,,,
43,Momoka Shark,6/12/2022,Momoka,Tactile,15,7,22,17.8,,,,,,,,,
45,Mode Signal,5/22/2022,Durock/JWK,Tactile,15,7,22,17.7,,,,,,,,,
46,Naevy V1.5,4/18/2021,Tecsee,Tactile,16,7,23,17.6,,,,,,,,,
46,HMX Hydra,4/12/2026,HMX,Tactile,13,5,18,17.6,,,,,,,,,
46,TTC Blueish White,3/26/2023,TTC,Tactile,14,7,21,17.6,,,,,,,,,
49,Cherry MX Brown (3 Pin),3/14/2021,Cherry,Tactile,18,5,23,17.5,,,,,,,,,
50,Gateron Full POM Banana Smoothie,2/8/2026,Gateron,Tactile,13,5,18,17.4,,,,,,,,,
51,Akko V3 Cream Blue,11/20/2022,KTT,Tactile,15,6,21,17.2,,,,,,,,,
52,Ajazz x Huano Banana,9/19/2021,Huano,Tactile,15,7,22,17.0,,,,,,,,,
52,KTT Mallo,8/29/2021,KTT,Tactile,15,7,22,17.0,,,,,,,,,
54,BSUN Mozzarella,6/28/2026,BSUN,Tactile,11,6,17,16.8,,,,,,,,,
54,Durock Mocha Chocolate,6/22/2025,Durock/JWK,Tactile,12,6,18,16.8,,,,,,,,,
56,Zuoce Litchi Milk,5/25/2025,Unknown,Tactile,12,6,18,16.7,,,,,,,,,
56,Chosfox Hanami Dango Green,5/21/2023,Durock/JWK,Tactile,14,6,20,16.7,,,,,,,,,
58,Gateron Root Beer Float,4/16/2023,Gateron,Tactile,14,6,20,16.6,,,,,,,,,
59,Aflion Thunder Shadow,3/17/2024,Aflion,Tactile,14,5,19,16.5,,,,,,,,,
60,Gamakay Venus,1/28/2024,Outemu,Tactile,13,6,19,16.4,,,,,,,,,
60,Gateron Green Apple,1/26/2025,Gateron,Tactile,14,4,18,16.4,,,,,,,,,
60,HMX Frog,1/18/2026,HMX,Tactile,12,5,17,16.4,,,,,,,,,
60,Kailh Pro Purple (Plate Mount),1/16/2022,Kailh,Tactile,14,7,21,16.4,,,,,,,,,
64,Long Hua Platycodon Grandiflorum,1/5/2025,Kailh,Tactile,10,8,18,16.3,,,,,,,,,
65,Gateron Azure Dragon V4,11/30/2025,Gateron,Tactile,14,3,17,16.2,,,,,,,,,
65,Zealio V1 Redux (62g),11/28/2021,Gateron,Tactile,15,6,21,16.2,,,,,,,,,
65,Ice Kachang (Unlubed),11/5/2023,Aflion,Tactile,13,6,19,16.2,,,,,,,,,
68,JKDK x XCJZ Hillstone,9/24/2023,BSUN,Tactile,13,6,19,16.1,,,,,,,,,
69,BSUN Strawberry Cheesecake,8/11/2024,BSUN,Tactile,15,3,18,15.9,,,,,,,,,
69,Glorious Panda,8/1/2021,Tecsee,Tactile,13,8,21,15.9,,,,,,,,,
71,Sillyworks x HMX Waverider V2,5/3/2026,HMX,Tactile,12,4,16,15.7,,,,,,,,,
72,B.Stone Dark Eyes,4/7/2024,Unknown,Tactile,12,6,18,15.6,,,,,,,,,
72,Tecsee Sapphire,3/26/2023,Tecsee,Tactile,11,8,19,15.6,,,,,,,,,
75,Keychron Phantom Brown,3/20/2022,Gateron,Tactile,15,5,20,15.5,,,,,,,,,
75,Leobog Interstellar,3/16/2025,SOAI,Tactile,11,6,17,15.5,,,,,,,,,
72,KTT Blueberry Ice Cream,3/22/2026,KTT,Tactile,11,5,16,15.6,,,,,,,,,
75,BSUN Golden Apple,3/1/2026,BSUN,Tactile,10,6,16,15.5,,,,,,,,,
78,Gateron Azure Dragon V2,12/11/2022,Gateron,Tactile,13,6,19,15.3,,,,,,,,,
79,Betty,11/6/2022,Haimu,Tactile,13,6,19,15.2,,,,,,,,,
79,Redragon Sapphire,11/6/2022,Haimu,Tactile,14,5,19,15.2,,,,,,,,,
79,Cream Tactile,10/31/2021,Kailh,Tactile,14,6,20,15.2,,,,,,,,,
82,Gateron Magnetic Jade Emerald,10/11/2025,Gateron,Tactile,13,3,16,15.1,,,,,,,,,
82,BSUN Bordeaux,9/21/2025,BSUN,Tactile,11,5,16,15.1,,,,,,,,,
84,Gateron Azure Dragon,8/15/2021,Gateron,Tactile,14,6,20,14.9,,,,,,,,,
84,Amethyst,8/9/2021,Tecsee,Tactile,14,6,20,14.9,,,,,,,,,
84,Anubis,8/1/2021,Durock/JWK,Tactile,13,7,20,14.9,,,,,,,,,
84,Star Purple,8/1/2021,SP Star,Tactile,13,7,20,14.9,,,,,,,,,
88,XCJZ Green Tea,5/25/2025,LICHICX,Tactile,10,6,16,14.7,,,,,,,,,
88,Tecsee Purple Panda,5/9/2021,Tecsee,Tactile,14,6,20,14.7,,,,,,,,,
90,Gateron Cap Brown,4/11/2021,Gateron,Tactile,14,6,20,14.6,,,,,,,,,
91,Attack Shark Blue Jelly,1/19/2025,Unknown,Tactile,11,5,16,14.4,,,,,,,,,
92,Cherry MX Purple,1/7/2024,Cherry,Tactile,12,5,17,14.3,,,,,,,,,
93,KTT Wind Phantom,12/1/2024,KTT,Tactile,12,4,16,14.2,,,,,,,,,
93,Akko CS Sponge,11/21/2021,KTT,Tactile,14,5,19,14.2,,,,,,,,,
95,Glorious Mako Ultralight,10/20/2024,Outemu,Tactile,12,4,16,14.1,,,,,,,,,
96,KNC Keys Chocolate Crinkle Cookies,6/22/2025,Tecsee,Tactile,10,5,15,13.8,,,,,,,,,
96,DesignerStudio White Jade,6/19/2022,Durock/JWK,Tactile,13,5,18,13.8,,,,,,,,,
96,Mengmoda Honey,6/5/2022,Aflion,Tactile,12,6,18,13.8,,,,,,,,,
99,Musetsu,5/22/2022,Durock/JWK,Tactile,13,5,18,13.7,,,,,,,,,
99,Noppoo Brown,5/4/2025,KTT,Tactile,10,5,15,13.7,,,,,,,,,
101,Taro Ball,4/25/2021,Durock/JWK,Tactile,13,6,19,13.6,,,,,,,,,
102,KTT Matcha,3/21/2021,KTT,Tactile,13,6,19,13.5,,,,,,,,,
102,Akko CS Ocean Blue,3/21/2021,KTT,Tactile,13,6,19,13.5,,,,,,,,,
104,BSUN Avocado Panda V2,2/5/2023,BSUN,Tactile,12,5,17,13.4,,,,,,,,,
105,Gateron Beer,12/31/2023,Gateron,Tactile,11,5,16,13.3,,,,,,,,,
105,Haimu Gray Jade Tactile,12/15/2024,Haimu,Tactile,12,3,15,13.3,,,,,,,,,
105,Greetech OG Brown,12/7/2025,Greetech,Tactile,10,4,14,13.3,,,,,,,,,
108,Leobog Pig Synapse,10/21/2023,SOAI,Tactile,12,4,16,13.1,,,,,,,,,
109,Kailh Canary,8/15/2021,Kailh,Tactile,13,5,18,12.9,,,,,,,,,
110,'Aura' Frost Panda,6/6/2021,Tecsee,Tactile,13,5,18,12.8,,,,,,,,,
111,Pewters,5/22/2022,Durock/JWK,Tactile,11,6,17,12.7,,,,,,,,,
112,Aflion Black and Orange,4/17/2022,Aflion,Tactile,11,6,17,12.6,,,,,,,,,
112,NK x Kailh Speed Heavy Burnt Orange,3/26/2023,Kailh,Tactile,10,6,16,12.6,,,,,,,,,
114,Holy Panda X,3/1/2022,Gateron,Tactile,13,4,17,12.5,,,,,,,,,
115,Leobog Standard Brown,1/14/2024,SOAI,Tactile,10,5,15,12.4,,,,,,,,,
116,Gateron Kangaroo Inks,11/21/2020,Gateron,Tactile,11,7,18,12.2,,,,,,,,,
117,Cherry Jailhouse Blue,10/9/2022,Cherry,Tactile,10,6,16,12.1,,,,,,,,,
117,Kailh Box Quicksand Gold,9/26/2021,Kailh,Tactile,12,5,17,12.1,,,,,,,,,
119,Tecsee Sapphire V2,9/12/2021,Tecsee,Tactile,11,6,17,12.0,,,,,,,,,
119,G-Square Ram V2,9/8/2024,Grain Gold,Tactile,10,4,14,12.0,,,,,,,,,
121,Naevy V1,8/15/2021,Tecsee,Tactile,12,5,17,11.9,,,,,,,,,
121,Hexin Workshop Bamboo Green (60g),8/1/2021,Durock/JWK,Tactile,12,5,17,11.9,,,,,,,,,
124,Zeal Crystal,7/3/2022,Gateron,Tactile,10,6,16,11.8,,,,,,,,,
121,Cherry MX Lumina Brown,7/19/2026,Cherry,Tactile,8,4,12,11.9,,,,,,,,,
125,Opgrey,3/26/2023,Durock/JWK,Tactile,7,8,15,11.6,,,,,,,,,
126,Cotton Candy,3/6/2022,Durock/JWK,Tactile,11,5,16,11.5,,,,,,,,,
127,BSUN Banana Tactile,12/31/2023,BSUN,Tactile,10,4,14,11.3,,,,,,,,,
128,Mengmoda Holy Panda,10/21/2023,SOAI,Tactile,9,5,14,11.1,,,,,,,,,
129,Crane,9/12/2021,Durock/JWK,Tactile,11,5,16,11.0,,,,,,,,,
130,Tecsee Crystal Lemon,3/16/2025,Tecsee,Tactile,8,4,12,10.5,,,,,,,,,
131,Novelia,1/17/2021,Kailh,Tactile,11,5,16,10.4,,,,,,,,,
132,Moyu Black,8/1/2021,Durock/JWK,Tactile,9,6,15,9.9,,,,,,,,,
133,Durock Sunflower,5/28/2021,Durock/JWK,Tactile,10,5,15,9.7,,,,,,,,,
134,Everglide Jade Green V2,8/1/2021,Durock/JWK,Tactile,10,4,14,8.9,,,,,,,,,
135,Ethereal Panda,5/22/2022,Tecsee,Tactile,8,5,13,8.7,,,,,,,,,
136,TTC Razer Dustproof Orange,10/9/2022,TTC,Tactile,7,4,11,7.1,,,,,,,,,
137,Greetech Razer Orange,1/16/2022,Greetech,Tactile,7,4,11,6.4,,,,,,,,,
,,,,,,,,,,,,,,,,,
AVG,AVERAGE OF ALL,,-,-,12.9,5.9,18.8,15.8,,,,,,,,,
 - SILENT LINEAR RANKINGS -,,,,,,,,,,,,,,,,,
Rank,Switch Name,Date,Manufacturer,Type,Context,Other,"Timeless
Total","Time Wtd. 
Total",,,,,,,,,
1,DK Creamery Cookie Dough,11/19/2023,KTT,Silent Linear,16,7,23,20.2,,,,,,,,,
1,JWICK Semi Silent,11/13/2022,Durock/JWK,Silent Linear,15,9,24,20.2,,,,,,,,,
3,LICHICX Lucy,10/21/2023,LICHICX,Silent Linear,15,8,23,20.1,,,,,,,,,
3,Huano Kyubi Silent Linear,10/13/2024,Huano,Silent Linear,15,7,22,20.1,,,,,,,,,
5,WEKT Nafu,6/28/2026,WEKT,Silent Linear,14,6,20,19.8,,,,,,,,,
6,WEKT Lucy R5,3/15/2026,WEKT,Silent Linear,15,5,20,19.5,,,,,,,,,
7,Outemu Silent Peach V3,9/8/2024,Outemu,Silent Linear,15,6,21,19.0,,,,,,,,,
9,Cherry MX Northern Light,4/17/2025,Cherry,Silent Linear,13,7,20,18.6,,,,,,,,,
8,Wingtree Pink Pink,5/17/2026,Wingtree,Silent Linear,14,5,19,18.7,,,,,,,,,
10,Bobagum (62g),1/16/2022,Outemu,Silent Linear,15,8,23,18.4,,,,,,,,,
11,Haimu Heartbeat,9/11/2022,Haimu,Silent Linear,15,7,22,18.0,,,,,,,,,
12,Kailh Midnight Pro Grey,7/31/2022,Kailh,Silent Linear,15,7,22,17.9,,,,,,,,,
13,Chosfox Summer Lime,10/8/2023,Unknown,Silent Linear,14,6,20,17.1,,,,,,,,,
14,Kinetic Labs Gecko,9/18/2022,Gateron,Silent Linear,15,6,21,17.0,,,,,,,,,
15,MZ Studio U3,8/17/2025,Jerrzi,Silent Linear,11,6,17,16.0,,,,,,,,,
16,IDOBAO Elf Linear-C1,6/25/2023,Kailh,Silent Linear,12,7,19,15.8,,,,,,,,,
17,TTC OG Rabbit,4/23/2023,TTC,Silent Linear,11,8,19,15.6,,,,,,,,,
18,Haimu x Geon HG Silent Red,6/4/2023,Haimu,Silent Linear,12,6,18,14.8,,,,,,,,,
19,LICHICX Yogurt,11/17/2024,LICHICX,Silent Linear,11,5,16,14.2,,,,,,,,,
20,XCJZ x KTT Ice Orange Silent,3/22/2026,KTT,Silent Linear,10,4,14,13.6,,,,,,,,,
21,Jerrzi Cute Yellow,2/2/2025,Jerrzi,Silent Linear,10,5,15,13.4,,,,,,,,,
22,Seriko,8/15/2021,Durock/JWK,Silent Linear,11,7,18,12.9,,,,,,,,,
23,Aiguox Dark Sakura Glass,1/5/2025,KTT,Silent Linear,9,5,14,12.3,,,,,,,,,
24,Kailh Box Silent Pink,8/15/2021,Kailh,Silent Linear,13,4,17,11.9,,,,,,,,,
25,Outemu x XCJZ Dopamine,6/16/2024,Outemu,Silent Linear,9,5,14,11.8,,,,,,,,,
26,Outemu Silent Peach,3/20/2022,Outemu,Silent Linear,10,5,15,10.5,,,,,,,,,
27,Healio,8/15/2021,Gateron,Silent Linear,9,6,15,9.9,,,,,,,,,
28,Gateron Genty Silent HE,5/4/2025,Gateron,Silent Linear,8,3,11,9.7,,,,,,,,,
,,,,,,,,,,,,,,,,,
AVG,AVERAGE OF ALL,,-,-,12.6,6.1,18.6,16.0,,,,,,,,,
 - SILENT TACTILE RANKINGS -,,,,,,,,,,,,,,,,,
Rank,Switch Name,Date,Manufacturer,Type,Context,Other,"Timeless
Total","Time Wtd. 
Total",,,,,,,,,
1,Keychron Silent Banana,7/6/2025,Outemu,Silent Tactile,17,6,23,21.8,,,,,,,,,
2,HMX Volume 0-T,12/20/2025,HMX,Silent Tactile,15,7,22,21.3,,,,,,,,,
3,Red Velvet,8/4/2024,KTT,Silent Tactile,17,6,23,20.9,,,,,,,,,
4,Wingtree x LICHICX Yamatake,5/10/2026,Wingtree,Silent Tactile,14,7,21,20.7,,,,,,,,,
5,Kinetic Labs Turtle,2/23/2025,Haimu,Silent Tactile,15,6,21,19.5,,,,,,,,,
6,Outemu Silent Lemon V3,9/8/2024,Outemu,Silent Tactile,15,6,21,19.0,,,,,,,,,
6,Haimu Orchid Mantis,9/6/2026,Haimu,Silent Tactile,14,5,19,19.0,,,,,,,,,
8,Gazzew U4 Boba 68g (Sample),8/1/2021,Outemu,Silent Tactile,15,9,24,18.9,,,,,,,,,
9,Cherry MX Honey,9/25/2025,Cherry,Silent Tactile,13,6,19,18.1,,,,,,,,,
10,Wingtree x LICHICX Orange,9/20/2026,Wingtree,Silent Tactile,12,6,18,18.0,,,,,,,,,
11,Kailh Midnight Pro Light Yellow,7/31/2022,Kailh,Silent Tactile,15,7,22,17.9,,,,,,,,,
12,LICHICX Raw Small Tactile,1/14/2024,LICHICX,Silent Tactile,12,7,19,16.4,,,,,,,,,
13,Invokeys x Alas Daydreamer,11/26/2023,LICHICX,Silent Tactile,14,5,19,16.2,,,,,,,,,
14,TTC Peanut Latte,9/22/2024,TTC,Silent Tactile,12,6,18,16.1,,,,,,,,,
15,Kailh Deep Sea Silent Pro Whale,9/3/2023,Kailh,Silent Tactile,13,6,19,16.0,,,,,,,,,
16,IDOBAO Elf Tactile-T1,6/25/2023,Kailh,Silent Tactile,12,7,19,15.8,,,,,,,,,
17,JKDK Crimson,11/5/2023,LICHICX,Silent Tactile,10,7,17,14.2,,,,,,,,,
18,Haimu Whisper,9/11/2022,Haimu,Silent Tactile,13,5,18,14.0,,,,,,,,,
19,Kailh Box Silent Brown,8/15/2021,Kailh,Silent Tactile,13,5,18,12.9,,,,,,,,,
20,Aliaz (80g),9/12/2021,Gateron,Silent Tactile,11,6,17,12.0,,,,,,,,,
21,KTT ZenCha,3/22/2026,KTT,Silent Tactile,8,4,12,11.6,,,,,,,,,
22,Glorious Panda Silent,11/17/2024,Outemu,Silent Tactile,9,4,13,11.2,,,,,,,,,
23,Gateron Oil King Silent Tactile,6/21/2026,Gateron,Silent Tactile,9,2,11,10.8,,,,,,,,,
,,,,,,,,,,,,,,,,,
AVG,AVERAGE OF ALL,,-,-,13.0,5.9,18.8,16.6,,,,,,,,,
 - CLICKY RANKINGS -,,,,,,,,,,,,,,,,,
Rank,Switch Name,Date,Manufacturer,Type,Context,Other,"Timeless
Total","Time Wtd. 
Total",,,,,,,,,
1,Gateron Melodic,2/4/2024,Gateron,Clicky,15,9,24,21.4,,,,,,,,,
1,Novelkeys Cream Clickie,1/12/2023,Kailh,Clicky,15,10,25,21.4,,,,,,,,,
3,Pea Flower,9/22/2024,BSUN,Clicky,15,8,23,21.1,,,,,,,,,
4,TKC Blackberry,9/7/2022,Tecsee,Clicky,15,9,24,20.0,,,,,,,,,
5,Zeal Clickiez 75g. (Clicky),7/10/2022,Gateron,Clicky,15,9,24,19.8,,,,,,,,,
6,Gateron Harmonic,2/8/2026,Gateron,Clicky,13,6,19,18.4,,,,,,,,,
7,Kailh Box Navy,8/1/2021,Kailh,Clicky,16,7,23,17.9,,,,,,,,,
7,Kailh Box Jade,8/1/2021,Kailh,Clicky,16,7,23,17.9,,,,,,,,,
9,Kailh Autumn,4/9/2023,Kailh,Clicky,14,7,21,17.6,,,,,,,,,
10,Kailh Box Mute Jade,2/6/2022,Kailh,Clicky,15,7,22,17.4,,,,,,,,,
10,TTC Brother,1/16/2022,TTC,Clicky,15,7,22,17.4,,,,,,,,,
12,Kailh Choc Autumn,1/5/2025,Kailh,Clicky,13,6,19,17.3,,,,,,,,,
12,Kailh Choc Summer,1/5/2025,Kailh,Clicky,13,6,19,17.3,,,,,,,,,
14,Cherry MX2A RGB Blue (3 Pin),9/3/2023,Cherry,Clicky,15,5,20,17.0,,,,,,,,,
15,TTC Brother V2,8/1/2026,TTC,Clicky,12,5,17,16.9,,,,,,,,,
16,KTT Gold,5/22/2022,KTT,Clicky,13,7,20,15.7,,,,,,,,,
17,Outemu Clear,3/26/2023,Outemu,Clicky,14,5,19,15.6,,,,,,,,,
18,KTT Purple Sauce,6/11/2023,KTT,Clicky,13,5,18,14.8,,,,,,,,,
19,TTC L Series Blue,2/25/2024,TTC,Clicky,12,5,17,14.5,,,,,,,,,
20,Varmilo Ivy L,12/22/2024,LICHICX,Clicky,12,4,16,14.3,,,,,,,,,
21,XCJZ Jerrzi Lotus Stem,10/21/2023,Jerrzi,Clicky,12,5,17,14.1,,,,,,,,,
22,TTC x Helix Lab Skylar,3/26/2023,TTC,Clicky,11,6,17,13.6,,,,,,,,,
23,Kailh Pro Light Green (Plate Mount),1/16/2022,Kailh,Clicky,12,6,18,13.4,,,,,,,,,
24,Varmilo Ivy L,10/13/2024,LICHICX,Clicky,10,5,15,13.1,,,,,,,,,
25,Zoch Flame Shadow,7/6/2025,KTT,Clicky,10,4,14,12.8,,,,,,,,,
26,LCET Blue and Purple,4/9/2023,Unknown,Clicky,11,5,16,12.6,,,,,,,,,
26,Akko Creamy Cyan,4/6/2025,Outemu,Clicky,10,4,14,12.6,,,,,,,,,
26,NK x Kailh Speed Heavy Pale Blue,3/26/2023,Kailh,Clicky,10,6,16,12.6,,,,,,,,,
29,Content Blue (Black Bottom),5/5/2024,KTT,Clicky,9,5,14,11.7,,,,,,,,,
29,AULA Blue,5/4/2025,SOAI,Clicky,9,4,13,11.7,,,,,,,,,
31,Leobog Ice Blue,11/19/2023,SOAI,Clicky,9,5,14,11.2,,,,,,,,,
32,Kailh Box Sky Blue,9/26/2021,Kailh,Clicky,12,4,16,11.1,,,,,,,,,
33,Jerrzi Blue,12/15/2024,Jerrzi,Clicky,8,4,12,10.3,,,,,,,,,
34,Outemu Dustproof Teal,10/9/2022,Outemu,Clicky,10,4,14,10.1,,,,,,,,,
34,TTC Orange Clicky,10/8/2023,TTC,Clicky,9,4,13,10.1,,,,,,,,,
36,Huano Clicky White,10/8/2023,Huano,Clicky,8,4,12,9.1,,,,,,,,,
36,TTC Razer Dustproof Green,10/9/2022,TTC,Clicky,9,4,13,9.1,,,,,,,,,
38,Gateron Ink Blue V1,8/15/2021,Gateron,Clicky,9,3,12,6.9,,,,,,,,,
39,Greetech Razer Green,1/16/2022,Greetech,Clicky,6,4,10,5.4,,,,,,,,,
40,OArmy Green,10/9/2022,Greetech,Clicky,7,2,9,5.1,,,,,,,,,
,,,,,,,,,,,,,,,,,
AVG,AVERAGE OF ALL,,-,-,11.8,5.6,17.4,14.3,,,,,,,,,
,,,,,,,,,,,,,,,,,
,,,,,,,,,,,,,,,,,
,,,,,,,,,,,,,,,,,
,,,,,,,,,,,,,,,,,
,,,,,,,,,,,,,,,,,
,,,,,,,,,,,,,,,,,
,,,,,,,,,,,,,,,,,
,,,,,,,,,,,,,,,,,
