,ThereminGoat's 'Hard Total' Score Sheet,,,,,4/12/2026,Max Score,70,,,,,,,,,
,,,,,,,,,,,,,,,,,
,,,,,,,,,,,,,,,,,
 - TOTAL RANKINGS -,,,,,,,,,,,- MANUFACTURER STATISTICS -,,,,,,
Rank,Switch Name,Date,Manufacturer,Type,Push Feel,Wobble,Sound,"Timeless
Total",,,Rank,Manufacturer Name,Switches Tested,Push Feel,Wobble,Sound,"Timeless
Total"
1,Ball Bearing Blue,3/24/2024,Unknown,Linear,31,25,8,64,,,1,K2,1,33.0,18.0,10.0,61.0
2,Alpaca V2,12/6/2020,Durock/JWK,Linear,32,22,9,63,,,2,SWK,2,29.5,23.5,7.0,60.0
2,Everglide V3 'Water King' (60g),2/28/2020,Durock/JWK,Linear,32,24,7,63,,,3,Wingtree,2,28.5,24.0,7.0,59.5
2,U4T (62g),3/26/2023,Outemu,Tactile,32,23,8,63,,,4,WEKT,1,32.0,17.0,9.0,58.0
5,TTC Neptune,4/23/2023,TTC,Linear,31,23,8,62,,,5,Keygeek,8,29.1,20.6,6.9,56.6
5,TTC OG Rabbit,4/23/2023,TTC,Silent Linear,31,23,8,62,,,6,HMX,17,28.3,21.9,5.8,55.9
7,Gazzew U4 Boba 68g (Sample),8/1/2021,Outemu,Silent Tactile,28,24,9,61,,,7,Co-Gain/XUDA,1,27.0,24.0,4.0,55.0
7,Gateron Speed Silver Pro,5/28/2021,Gateron,Linear,31,21,9,61,,,8,Aflion,8,27.9,19.6,6.4,53.9
7,Keyfirst Bling Blue,11/5/2023,Haimu,Linear,32,21,8,61,,,9,Momoka,2,28.5,18.5,6.0,53.0
7,Akko Mirror,11/24/2024,HMX,Linear,31,23,7,61,,,10,LICHICX,9,27.6,18.7,6.2,52.4
7,WS Flux HE,4/27/2025,K2,Linear,33,18,10,61,,,11,Outemu,18,26.7,19.6,5.8,52.1
7,Gateron Magnetic Green Dragon HE,6/1/2025,Gateron,Linear,31,21,9,61,,,12,BSUN,18,28.0,17.9,6.0,51.9
7,Keygeek Athena,7/13/2025,Keygeek,Linear,32,21,8,61,,,13,Grain Gold,5,27.6,19.2,5.0,51.8
14,LICHICX Lucy,10/21/2023,LICHICX,Silent Linear,33,18,9,60,,,14,Gateron,68,27.7,17.7,5.9,51.2
14,Huano Caramel Latte,6/23/2024,Huano,Linear,31,20,9,60,,,15,SP Star,6,27.7,16.7,6.5,50.8
14,Raptor MX Extreme,5/12/2024,HMX,Linear,30,23,7,60,,,16,Jerrzi,7,27.4,17.7,5.6,50.7
14,Chosfox Summer Lime,10/8/2023,Unknown,Silent Linear,30,23,7,60,,,17,Haimu,13,27.5,17.2,5.9,50.6
14,SWK Jieum V2,12/3/2023,SWK,Linear,29,24,7,60,,,18,KTT,31,26.6,17.7,5.5,49.7
14,SWK Ripple,9/1/2024,SWK,Linear,30,23,7,60,,,19,Huano,15,26.7,17.0,5.8,49.5
14,Keygeek Raspberry,10/13/2024,Keygeek,Linear,29,25,6,60,,,20,Tecsee,30,27.0,16.8,5.8,49.5
14,HMX WJBY Su Color,11/17/2024,HMX,Linear,30,22,8,60,,,21,Durock/JWK,55,26.7,17.4,5.3,49.4
14,Leobog Wing Chun Magnetic,3/16/2025,SOAI,Linear,29,23,8,60,,,22,Kailh,46,26.7,16.8,5.8,49.3
14,BSUN Golden Apple,3/1/2026,BSUN,Tactile,30,21,9,60,,,23,SOAI,9,25.4,19.2,4.4,49.1
14,Wingtree BM11,4/12/2026,Wingtree,Tactile,29,24,7,60,,,24,Cherry,15,26.3,17.1,5.1,48.5
25,Gateron G Pro 3.0 Yellow,8/6/2023,Gateron,Linear,31,21,7,59,,,25,TTC,18,25.4,17.6,5.2,48.2
25,Invokeys Black Sesame,10/2/2022,Aflion,Linear,32,20,7,59,,,26,Yusya,1,25.0,15.0,4.0,44.0
25,Gateron Melodic,2/4/2024,Gateron,Clicky,31,19,9,59,,,27,Meirun,2,21.5,16.5,3.0,41.0
25,Bobagum (62g),1/16/2022,Outemu,Silent Linear,28,23,8,59,,,28,Greetech,7,21.1,14.3,3.9,39.3
25,Kinetic Labs Gecko,9/18/2022,Gateron,Silent Linear,28,23,8,59,,,,,,,,,
25,Tecsee Purple Panda,5/9/2021,Tecsee,Tactile,29,22,8,59,,,,,,,,,
25,Holy Panda X,3/1/2022,Gateron,Tactile,31,23,5,59,,,,,,,,,
25,Keygeek Oat,11/10/2024,Keygeek,Linear,30,21,8,59,,,,,,,,,
25,Keebz n Cables x HMX Ice Cendol,3/2/2025,HMX,Linear,29,23,7,59,,,,,,,,,
25,AEBoards Naevy EC,3/9/2025,Tecsee,Tactile,29,24,6,59,,,,,,,,,
25,HMX Volume 0-T,12/20/2025,HMX,Silent Tactile,30,24,5,59,,,,,,,,,
25,Wingtree 277,1/11/2026,Wingtree,Linear,28,24,7,59,,,,,,,,,
37,Nixie Black,11/7/2020,Cherry,Linear,29,21,8,58,,,,,,,,,
37,Wuque Studio Morandi,3/19/2023,Haimu,Linear,31,19,8,58,,,,,,,,,
37,KTT Strawberry,1/30/2021,KTT,Linear,30,20,8,58,,,,,,,,,
37,Caramel Chocolate (Lubed),12/31/2023,LICHICX,Linear,29,22,7,58,,,,,,,,,
37,Moyu Studio x XCJZ Snow Grape,9/17/2023,Unknown,Linear,30,19,9,58,,,,,,,,,
37,Aflion Black and Orange,4/17/2022,Aflion,Tactile,28,23,7,58,,,,,,,,,
37,Hojicha Reserve,9/15/2024,BSUN,Tactile,30,21,7,58,,,,,,,,,
37,Geon Raw HE,12/15/2024,Grain Gold,Linear,28,24,6,58,,,,,,,,,
37,Gateron Longjing Tea,7/6/2025,Gateron,Tactile,29,23,6,58,,,,,,,,,
37,Kailh Box Luna,7/6/2025,Kailh,Linear,28,24,6,58,,,,,,,,,
37,Novelkeys Classic Blue,8/10/2025,Unknown,Linear,28,24,6,58,,,,,,,,,
37,Keygeek VC,8/17/2025,Keygeek,Linear,30,22,6,58,,,,,,,,,
37,WEKT Lucy R5,3/15/2026,WEKT,Silent Linear,32,17,9,58,,,,,,,,,
50,Zeal Clickiez 75g. (Clicky),7/10/2022,Gateron,Clicky,29,19,9,57,,,,,,,,,
50,Invokeys Matcha Latte,1/9/2022,Aflion,Linear,29,20,8,57,,,,,,,,,
50,Kailh Midnight Pro Grey,7/31/2022,Kailh,Silent Linear,29,21,7,57,,,,,,,,,
50,Kailh Midnight Pro Light Yellow,7/31/2022,Kailh,Silent Tactile,28,21,8,57,,,,,,,,,
50,Durock POM Linear (Sample),12/20/2020,Durock/JWK,Linear,29,22,6,57,,,,,,,,,
50,Seriko,8/15/2021,Durock/JWK,Silent Linear,29,21,7,57,,,,,,,,,
50,Outemu x XCJZ Dopamine,6/16/2024,Outemu,Silent Linear,29,21,7,57,,,,,,,,,
50,Zeal Pearlio,7/3/2022,Gateron,Linear,29,22,6,57,,,,,,,,,
50,Sillyworks x Gateron Type R,1/12/2025,Gateron,Tactile,31,18,8,57,,,,,,,,,
50,TTC Speed Gold V2,4/6/2025,TTC,Linear,29,21,7,57,,,,,,,,,
50,WS Arowana Red,6/8/2025,HMX,Linear,28,23,6,57,,,,,,,,,
50,Keychron Silent Banana,7/6/2025,Outemu,Silent Tactile,29,19,9,57,,,,,,,,,
50,Everglide Magneto UE,7/20/2025,Grain Gold,Linear,29,24,4,57,,,,,,,,,
50,SW Cocoblack,9/21/2025,Durock/JWK,Linear,27,22,8,57,,,,,,,,,
50,Unionwell Polar Magnetic Pro+,12/14/2025,Greetech,Linear,30,21,6,57,,,,,,,,,
50,HMX Frog,1/18/2026,HMX,Tactile,29,23,5,57,,,,,,,,,
50,Gateron Magnetic Jade Delta Dark,2/1/2026,Gateron,Linear,30,19,8,57,,,,,,,,,
50,Gateron Harmonic,2/8/2026,Gateron,Clicky,29,19,9,57,,,,,,,,,
68,C3 Kiwi,8/1/2021,Durock/JWK,Tactile,29,19,8,56,,,,,,,,,
68,Gateron Oil King,1/23/2022,Gateron,Linear,30,19,7,56,,,,,,,,,
68,TTC Tiger,5/15/2022,TTC,Linear,29,22,5,56,,,,,,,,,
68,Kailh Christmas Tree,3/13/2022,Kailh,Linear,30,18,8,56,,,,,,,,,
68,Lavenders,1/2/2020,Durock/JWK,Linear,29,20,7,56,,,,,,,,,
68,Quartz,8/1/2021,Durock/JWK,Linear,30,21,5,56,,,,,,,,,
68,LICHICX Raw Small Tactile,1/14/2024,LICHICX,Silent Tactile,28,22,6,56,,,,,,,,,
68,Everfree Cedar,9/22/2024,Gateron,Linear,30,19,7,56,,,,,,,,,
68,Akko Cilantro,5/18/2025,HMX,Tactile,28,23,5,56,,,,,,,,,
68,Gateron Lanes,9/14/2025,Gateron,Tactile,32,18,6,56,,,,,,,,,
68,HMX Firecracker,11/2/2025,HMX,Tactile,28,23,5,56,,,,,,,,,
68,Keygeek Cera X (48g),4/12/2026,Keygeek,Linear,28,21,7,56,,,,,,,,,
80,Penguins,3/26/2023,Durock/JWK,Tactile,27,22,6,55,,,,,,,,,
80,JWICK Semi Silent,11/13/2022,Durock/JWK,Silent Linear,28,19,8,55,,,,,,,,,
80,Harimau,8/8/2021,Durock/JWK,Tactile,30,19,6,55,,,,,,,,,
80,Zeal Clickiez 75g. (Tactile),7/10/2022,Gateron,Tactile,28,20,7,55,,,,,,,,,
80,Gateron Pro Yellow,5/28/2021,Gateron,Linear,27,21,7,55,,,,,,,,,
80,Cookies n' Cream,1/29/2024,KTT,Tactile,28,22,5,55,,,,,,,,,
80,DK Creamery Cookie Dough,11/19/2023,KTT,Silent Linear,29,19,7,55,,,,,,,,,
80,JWICK Ginger Milk,8/14/2022,Durock/JWK,Linear,28,21,6,55,,,,,,,,,
80,Gateron Vermilion Bird,8/15/2021,Gateron,Linear,30,17,8,55,,,,,,,,,
80,Wuque Light Tactile,6/16/2024,Haimu,Tactile,29,18,8,55,,,,,,,,,
80,SP Star Magic Girl (Classic),3/26/2023,SP Star,Tactile,30,17,8,55,,,,,,,,,
80,Gateron Box Ink Black,10/24/2021,Gateron,Linear,29,18,8,55,,,,,,,,,
80,Gateron Box Ink Pink,10/16/2021,Gateron,Linear,29,19,7,55,,,,,,,,,
80,Hoshizora,5/22/2022,Durock/JWK,Linear,29,21,5,55,,,,,,,,,
80,Gateron Lunar Probe,2/25/2024,Gateron,Linear,31,16,8,55,,,,,,,,,
80,EMT V2,10/30/2022,Haimu,Linear,29,18,8,55,,,,,,,,,
80,Aflion Thunder Shadow,3/17/2024,Aflion,Tactile,26,22,7,55,,,,,,,,,
80,Jerrzi Poseidon,5/5/2024,Jerrzi,Linear,28,22,5,55,,,,,,,,,
80,Kailh Deep Sea Silent Pro Whale,9/3/2023,Kailh,Silent Tactile,27,21,7,55,,,,,,,,,
80,Gateron Deepping,5/26/2024,Gateron,Linear,30,18,7,55,,,,,,,,,
80,RAMA WORKS Duck,7/24/2022,Gateron,Linear,29,20,6,55,,,,,,,,,
80,Outemu Silent Peach V3,9/8/2024,Outemu,Silent Linear,28,21,6,55,,,,,,,,,
80,"TTC Magneto, King of Magnets POM",3/16/2025,TTC,Linear,28,22,5,55,,,,,,,,,
80,Shortcut Studio SC,5/4/2025,HMX,Linear,27,22,6,55,,,,,,,,,
80,MZ Studio U3,8/17/2025,Jerrzi,Silent Linear,30,19,6,55,,,,,,,,,
80,Keygeek Y2 (20mm/45g),8/24/2025,Keygeek,Linear,29,18,8,55,,,,,,,,,
80,BSUN Peach Mellow,9/21/2025,BSUN,Tactile,29,19,7,55,,,,,,,,,
80,Wingtree Yuci HE,11/30/2025,Co-Gain/XUDA,Linear,27,24,4,55,,,,,,,,,
80,HMX Black Cat,2/22/2026,HMX,Tactile,29,19,7,55,,,,,,,,,
80,HMX Hydra,4/12/2026,HMX,Tactile,28,22,5,55,,,,,,,,,
110,Novelkeys Cream Clickie,1/12/2023,Kailh,Clicky,31,15,8,54,,,,,,,,,
110,Invokeys Blueberry Chiffon,8/21/2022,Aflion,Tactile,28,20,6,54,,,,,,,,,
110,Wuque Studio Onion,3/27/2022,Durock/JWK,Linear,30,18,6,54,,,,,,,,,
110,Kailh Box Navy,8/1/2021,Kailh,Clicky,29,16,9,54,,,,,,,,,
110,Naevy V1.5,4/18/2021,Tecsee,Tactile,29,17,8,54,,,,,,,,,
110,Durock Sea Glass,9/3/2023,Durock/JWK,Linear,30,17,7,54,,,,,,,,,
110,MODE Tomorrow,1/15/2023,Outemu,Tactile,28,20,6,54,,,,,,,,,
110,Gateron Cream Soda,10/23/2022,Gateron,Linear,29,18,7,54,,,,,,,,,
110,Zealio V1 Redux (62g),11/28/2021,Gateron,Tactile,29,19,6,54,,,,,,,,,
110,Akko CS Starfish,11/21/2021,KTT,Linear,29,20,5,54,,,,,,,,,
110,Tecsee Sapphire,3/26/2023,Tecsee,Tactile,30,17,7,54,,,,,,,,,
110,Meow Claw V2,9/12/2021,Huano,Linear,27,21,6,54,,,,,,,,,
110,Kailh Choc Autumn,1/5/2025,Kailh,Clicky,29,17,8,54,,,,,,,,,
110,BSUN Agarwood,2/9/2025,BSUN,Linear,30,16,8,54,,,,,,,,,
110,Keygeek Sunflower,9/7/2025,Keygeek,Linear,29,19,6,54,,,,,,,,,
110,HMX Snowfall,1/11/2026,HMX,Tactile,26,23,5,54,,,,,,,,,
110,HMX Valerian,4/5/2026,HMX,Tactile,29,19,6,54,,,,,,,,,
127,Cherry MX 'New Nixie' (Black Clear-Top),12/4/2022,Cherry,Linear,27,20,6,53,,,,,,,,,
127,Momoka Frog V3,6/12/2021,Momoka,Linear,28,19,6,53,,,,,,,,,
127,Novelkeys Cream+ (Copper Insert),1/1/2023,Kailh,Linear,28,18,7,53,,,,,,,,,
127,Kailh Box Jade,8/1/2021,Kailh,Clicky,28,16,9,53,,,,,,,,,
127,Red Velvet,8/4/2024,KTT,Silent Tactile,29,16,8,53,,,,,,,,,
127,Akko CS Rose Red,3/21/2021,KTT,Linear,29,19,5,53,,,,,,,,,
127,Ajazz x Huano Banana,9/19/2021,Huano,Tactile,30,16,7,53,,,,,,,,,
127,Momoka Shark,6/12/2022,Momoka,Tactile,29,18,6,53,,,,,,,,,
127,Tecsee Ice Milk Tactile,6/19/2022,Tecsee,Tactile,29,18,6,53,,,,,,,,,
127,Obsidian Pro,2/20/2022,Durock/JWK,Linear,30,16,7,53,,,,,,,,,
127,Kailh Prestige Delighted,8/11/2024,Kailh,Linear,29,16,8,53,,,,,,,,,
127,Invokeys Purple Rice,12/17/2023,BSUN,Linear,28,19,6,53,,,,,,,,,
127,Chosfox Hanami Dango Green,5/21/2023,Durock/JWK,Tactile,25,23,5,53,,,,,,,,,
127,Gateron CJ,10/3/2021,Gateron,Linear,29,19,5,53,,,,,,,,,
127,Amethyst,8/9/2021,Tecsee,Tactile,28,18,7,53,,,,,,,,,
127,Ice Kachang (Unlubed),11/5/2023,Aflion,Tactile,27,20,6,53,,,,,,,,,
127,JKDK x XCJZ Hillstone,9/24/2023,BSUN,Tactile,28,18,7,53,,,,,,,,,
127,Akko CS Sponge,11/21/2021,KTT,Tactile,27,20,6,53,,,,,,,,,
127,KTT Matcha,3/21/2021,KTT,Tactile,28,20,5,53,,,,,,,,,
127,Tecsee Sapphire V2,9/12/2021,Tecsee,Tactile,30,15,8,53,,,,,,,,,
127,Feker Emerald Cabbage,1/21/2024,Unknown,Linear,28,18,7,53,,,,,,,,,
127,Zeal Crystal,7/3/2022,Gateron,Tactile,28,20,5,53,,,,,,,,,
127,Kingfishers,5/22/2022,Tecsee,Linear,28,18,7,53,,,,,,,,,
127,Spring Switch,12/17/2023,BSUN,Linear,28,19,6,53,,,,,,,,,
127,Outemu Silent Lemon V3,9/8/2024,Outemu,Silent Tactile,26,21,6,53,,,,,,,,,
127,Gateron Pro Ultra Glory Yellow,9/29/2024,Gateron,Linear,29,17,7,53,,,,,,,,,
127,Huano Kyubi Silent Linear,10/13/2024,Huano,Silent Linear,29,18,6,53,,,,,,,,,
127,LICHICX Yogurt,11/17/2024,LICHICX,Silent Linear,28,18,7,53,,,,,,,,,
127,BSUN Milk Tea Siam V2,12/15/2024,BSUN,Linear,28,18,7,53,,,,,,,,,
127,Kailh Choc Summer,1/5/2025,Kailh,Clicky,29,17,7,53,,,,,,,,,
127,Leobog Interstellar,3/16/2025,SOAI,Tactile,26,21,6,53,,,,,,,,,
127,Geon Lucifer HE,5/4/2025,Grain Gold,Linear,29,17,7,53,,,,,,,,,
127,Gateron Magnetic Jade Emerald,10/11/2025,Gateron,Tactile,27,21,5,53,,,,,,,,,
127,Akko Bittersweet,11/30/2025,Outemu,Tactile,28,20,5,53,,,,,,,,,
127,Gateron Full POM Banana Smoothie,2/8/2026,Gateron,Tactile,27,21,5,53,,,,,,,,,
162,Gateron X Yellow,11/7/2021,Gateron,Linear,28,17,7,52,,,,,,,,,
162,Ajazz x Huano Kiwi,10/10/2021,Huano,Tactile,30,16,6,52,,,,,,,,,
162,NK Silk Mictlan,3/5/2023,Durock/JWK,Linear,29,17,6,52,,,,,,,,,
162,CK x Haimu Pastel Thistle,7/23/2023,Haimu,Tactile,29,18,5,52,,,,,,,,,
162,Ajazz x Huano Peach,9/26/2021,Huano,Linear,29,16,7,52,,,,,,,,,
162,Blueberry Swirl,6/4/2023,KTT,Linear,27,19,6,52,,,,,,,,,
162,KTT Mallo,8/29/2021,KTT,Tactile,30,16,6,52,,,,,,,,,
162,TTC Wild (42g.),9/5/2021,TTC,Linear,29,18,5,52,,,,,,,,,
162,Gateron Hippo,4/4/2021,Gateron,Linear,28,19,5,52,,,,,,,,,
162,Huano Fi,7/2/2023,Huano,Linear,28,18,6,52,,,,,,,,,
162,Kailh Autumn,4/9/2023,Kailh,Clicky,28,16,8,52,,,,,,,,,
162,Gateron Azure Dragon,8/15/2021,Gateron,Tactile,29,17,6,52,,,,,,,,,
162,Akko CS Jelly White,11/21/2021,KTT,Linear,27,19,6,52,,,,,,,,,
162,Huano Pineapple,5/28/2023,Huano,Linear,28,17,7,52,,,,,,,,,
162,IDOBAO Elf Linear-C1,6/25/2023,Kailh,Silent Linear,29,17,6,52,,,,,,,,,
162,Gamakay Jupiter,1/28/2024,Outemu,Linear,29,18,5,52,,,,,,,,,
162,Jerrzi Blueberry Mousse,2/2/2025,Jerrzi,Linear,28,18,6,52,,,,,,,,,
162,Kailh Extreme Slippery,3/23/2025,Kailh,Linear,28,17,7,52,,,,,,,,,
162,NuPhy Lemon,4/6/2025,Gateron,Tactile,28,18,6,52,,,,,,,,,
162,Cherry MX Northern Light,4/17/2025,Cherry,Silent Linear,28,18,6,52,,,,,,,,,
162,Cherry MX Falcon,10/5/2025,Cherry,Tactile,29,18,5,52,,,,,,,,,
162,KTT Wine Red Pro,11/2/2025,KTT,Linear,28,18,6,52,,,,,,,,,
162,HMX Crisp,4/12/2026,HMX,Linear,26,23,3,52,,,,,,,,,
185,TKC Blackberry,9/7/2022,Tecsee,Clicky,28,16,7,51,,,,,,,,,
185,Neapolitan Ice Creams,5/2/2021,Tecsee,Tactile,30,14,7,51,,,,,,,,,
185,Novelkeys Cream+ (Titanium Insert),1/1/2023,Kailh,Linear,27,18,6,51,,,,,,,,,
185,Raed,4/25/2021,Tecsee,Linear,27,17,7,51,,,,,,,,,
185,JWICK Taro,8/14/2022,Durock/JWK,Tactile,26,20,5,51,,,,,,,,,
185,Haimu Heartbeat,9/11/2022,Haimu,Silent Linear,27,17,7,51,,,,,,,,,
185,TTC Brother,1/16/2022,TTC,Clicky,27,17,7,51,,,,,,,,,
185,Novelkeys Dream Cream,10/16/2022,Kailh,Linear,27,18,6,51,,,,,,,,,
185,Zaku II,12/10/2023,Tecsee,Tactile,28,17,6,51,,,,,,,,,
185,Glorious Panda,8/1/2021,Tecsee,Tactile,30,16,5,51,,,,,,,,,
185,Anubis,8/1/2021,Durock/JWK,Tactile,29,15,7,51,,,,,,,,,
185,Gateron Root Beer Float,4/16/2023,Gateron,Tactile,28,18,5,51,,,,,,,,,
185,Kailh Box Speed Ultimate,2/13/2022,Kailh,Linear,30,17,4,51,,,,,,,,,
185,Star Grey,8/1/2021,SP Star,Linear,28,16,7,51,,,,,,,,,
185,Star Purple,8/1/2021,SP Star,Tactile,29,16,6,51,,,,,,,,,
185,Auralite,8/29/2021,Tecsee,Linear,27,18,6,51,,,,,,,,,
185,Husky,5/30/2021,Tecsee,Linear,28,17,6,51,,,,,,,,,
185,Gateron Azure Dragon V2,12/11/2022,Gateron,Tactile,27,19,5,51,,,,,,,,,
185,Betty,11/6/2022,Haimu,Tactile,27,18,6,51,,,,,,,,,
185,Huano Earth Yellow,2/5/2023,Huano,Linear,28,17,6,51,,,,,,,,,
185,Invokeys x Alas Daydreamer,11/26/2023,LICHICX,Silent Tactile,26,18,7,51,,,,,,,,,
185,Outemu Clear,3/26/2023,Outemu,Clicky,24,22,5,51,,,,,,,,,
185,SP Star Marble Soda Melon,1/16/2022,SP Star,Linear,27,18,6,51,,,,,,,,,
185,Gateron Kangaroo Inks,11/21/2020,Gateron,Tactile,28,16,7,51,,,,,,,,,
185,Novelkeys Cream Arc,5/29/2022,Kailh,Linear,28,18,5,51,,,,,,,,,
185,Cherry MX Purple,1/7/2024,Cherry,Tactile,28,17,6,51,,,,,,,,,
185,Qeeke Begonia (Crabapple),10/21/2023,Jerrzi,Linear,27,17,7,51,,,,,,,,,
185,JKDK Crimson,11/5/2023,LICHICX,Silent Tactile,26,18,7,51,,,,,,,,,
185,Mengmoda Ice Cream,10/21/2023,SOAI,Linear,28,16,7,51,,,,,,,,,
185,Kailh Box Spring,3/17/2024,Kailh,Linear,28,17,6,51,,,,,,,,,
185,43 Studio Jing,4/7/2024,Durock/JWK,Linear,26,20,5,51,,,,,,,,,
185,Pea Flower,9/22/2024,BSUN,Clicky,25,21,5,51,,,,,,,,,
185,Akko Dracula,12/1/2024,Outemu,Linear,28,18,5,51,,,,,,,,,
185,KTT Wind Phantom,12/1/2024,KTT,Tactile,27,20,4,51,,,,,,,,,
185,Keychron Super Banana,12/22/2024,Unknown,Tactile,26,22,3,51,,,,,,,,,
185,Mitarashi Dango,12/29/2024,Unknown,Linear,29,16,6,51,,,,,,,,,
185,KTT Teresa,3/30/2025,KTT,Linear,27,19,5,51,,,,,,,,,
185,Durock Mocha Silk,6/22/2025,Durock/JWK,Linear,27,19,5,51,,,,,,,,,
185,TTC Magnetic Snake White CNY,8/3/2025,TTC,Linear,28,18,5,51,,,,,,,,,
185,Invokeys Goji Reserve,10/26/2025,BSUN,Tactile,29,17,5,51,,,,,,,,,
185,HMX Longjing S,1/11/2026,HMX,Tactile,25,21,5,51,,,,,,,,,
185,Kailh Calligraphy,1/25/2026,Kailh,Linear,27,20,4,51,,,,,,,,,
185,KTT ZenCha,3/22/2026,KTT,Silent Tactile,25,22,4,51,,,,,,,,,
185,KTT Blueberry Ice Cream,3/22/2026,KTT,Tactile,26,20,5,51,,,,,,,,,
229,Gateron SolDark,12/5/2021,Gateron,Tactile,29,16,5,50,,,,,,,,,
229,Penyu,8/15/2021,Durock/JWK,Linear,26,19,5,50,,,,,,,,,
229,Everfree Grayish Tactile,4/28/2024,Gateron,Tactile,27,18,5,50,,,,,,,,,
229,Novelkeys Cream+ (No Insert),1/1/2023,Kailh,Linear,26,18,6,50,,,,,,,,,
229,Diamond Avalon,10/1/2023,Unknown,Linear,26,19,5,50,,,,,,,,,
229,Akko V3 Cream Blue,11/20/2022,KTT,Tactile,26,19,5,50,,,,,,,,,
229,KTT Kang White,6/20/2021,KTT,Linear,28,15,7,50,,,,,,,,,
229,Geon Raptor MX,4/7/2024,BSUN,Linear,27,18,5,50,,,,,,,,,
229,Gateron Cap Brown,4/11/2021,Gateron,Tactile,28,15,7,50,,,,,,,,,
229,Rubrehose Brown,1/8/2023,Tecsee,Linear,27,17,6,50,,,,,,,,,
229,BSUN Strawberry Cheesecake,8/11/2024,BSUN,Tactile,29,16,5,50,,,,,,,,,
229,BSUN POM Linear,2/23/2021,BSUN,Linear,29,15,6,50,,,,,,,,,
229,Tsavorite,1/30/2022,Durock/JWK,Linear,27,17,6,50,,,,,,,,,
229,Gateron UHMknown,4/30/2023,Gateron,Linear,28,16,6,50,,,,,,,,,
229,Zeal Clickiez 75g. (Linear),7/10/2022,Gateron,Linear,27,18,5,50,,,,,,,,,
229,Lumia Matcha (62g),3/20/2022,Unknown,Linear,26,17,7,50,,,,,,,,,
229,BSUN Avocado Panda V2,2/5/2023,BSUN,Tactile,27,18,5,50,,,,,,,,,
229,Hexin Workshop Bamboo Green (60g),8/1/2021,Durock/JWK,Tactile,27,16,7,50,,,,,,,,,
229,Wuque WS POM+,8/18/2024,Gateron,Linear,29,15,6,50,,,,,,,,,
229,Sarokeys BCP,11/12/2023,BSUN,Linear,27,17,6,50,,,,,,,,,
229,Leobog Pig Synapse,10/21/2023,SOAI,Tactile,25,22,3,50,,,,,,,,,
229,Keychron x Gateron Aurora,9/8/2024,Gateron,Linear,28,17,5,50,,,,,,,,,
229,TTC Peanut Latte,9/22/2024,TTC,Silent Tactile,27,17,6,50,,,,,,,,,
229,Long Hua Cardamom,1/19/2025,Kailh,Linear,28,16,6,50,,,,,,,,,
229,Jerrzi Cute Yellow,2/2/2025,Jerrzi,Silent Linear,28,16,6,50,,,,,,,,,
229,Akko Creamy Cyan,4/6/2025,Outemu,Clicky,25,21,4,50,,,,,,,,,
229,Gateron Genty Silent HE,5/4/2025,Gateron,Silent Linear,27,21,2,50,,,,,,,,,
229,Zuoce Litchi Milk,5/25/2025,Unknown,Tactile,27,18,5,50,,,,,,,,,
229,Durock Mocha Chocolate,6/22/2025,Durock/JWK,Tactile,26,19,5,50,,,,,,,,,
229,KNC Keys Chocolate Crinkle Cookies,6/22/2025,Tecsee,Tactile,28,17,5,50,,,,,,,,,
229,Gateron X V3,6/28/2025,Gateron,Linear,28,17,5,50,,,,,,,,,
229,HMX Anti,11/22/2025,HMX,Linear,28,16,6,50,,,,,,,,,
229,Gateron Azure Dragon V4,11/30/2025,Gateron,Tactile,27,19,4,50,,,,,,,,,
229,Cherry MX Firefinch,1/4/2026,Cherry,Linear,28,17,5,50,,,,,,,,,
229,Everfree Fast Silver,2/8/2026,Gateron,Linear,28,16,6,50,,,,,,,,,
229,Keygeek Muse,2/15/2026,Keygeek,Linear,26,18,6,50,,,,,,,,,
265,Cherry MX Ergo Clear (3 Pin),5/7/2023,Cherry,Tactile,28,16,5,49,,,,,,,,,
265,Akko V3 Cream Yellow,11/20/2022,KTT,Linear,27,16,6,49,,,,,,,,,
265,TTC Blueish White,3/26/2023,TTC,Tactile,28,15,6,49,,,,,,,,,
265,KFA Lubed Pink Robin,9/11/2022,Aflion,Linear,27,17,5,49,,,,,,,,,
265,Opblack,2/13/2020,Durock/JWK,Linear,28,15,6,49,,,,,,,,,
265,DareU Mahjong,8/6/2023,Huano,Linear,26,18,5,49,,,,,,,,,
265,SP Star Sacramento,12/26/2021,SP Star,Linear,26,17,6,49,,,,,,,,,
265,IDOBAO Elf Tactile-T1,6/25/2023,Kailh,Silent Tactile,27,17,5,49,,,,,,,,,
265,Gamakay Venus,1/28/2024,Outemu,Tactile,26,18,5,49,,,,,,,,,
265,Lubed Black Geon Switch,8/7/2022,Tecsee,Linear,27,16,6,49,,,,,,,,,
265,Cow Orange,10/10/2021,Tecsee,Linear,25,18,6,49,,,,,,,,,
265,Designer Studio Graphite Gold,6/26/2022,Durock/JWK,Linear,27,16,6,49,,,,,,,,,
265,'Aura' Frost Panda,6/6/2021,Tecsee,Tactile,26,18,5,49,,,,,,,,,
265,Gateron Dual-Rail Magnetic Orange,6/9/2024,Gateron,Linear,27,18,4,49,,,,,,,,,
265,Naevy V1,8/15/2021,Tecsee,Tactile,28,14,7,49,,,,,,,,,
265,NK x Kailh Speed Heavy Pale Blue,3/26/2023,Kailh,Clicky,27,15,7,49,,,,,,,,,
265,Moyu Black,8/1/2021,Durock/JWK,Tactile,27,17,5,49,,,,,,,,,
265,Strawberry Jelly V2,6/5/2022,Huano,Linear,24,21,4,49,,,,,,,,,
265,Original Aspiration (Sample),9/18/2020,Durock/JWK,Linear,28,17,4,49,,,,,,,,,
265,Leobog Ice Blue,11/19/2023,SOAI,Clicky,23,23,3,49,,,,,,,,,
265,Melgeek Plastic,11/19/2023,Kailh,Linear,27,18,4,49,,,,,,,,,
265,Huano Grape Orange,11/17/2024,Huano,Linear,27,16,6,49,,,,,,,,,
265,Glorious Panda Silent,11/17/2024,Outemu,Silent Tactile,26,17,6,49,,,,,,,,,
265,Kailh x Melgeek Hornet HE,12/22/2024,Kailh,Linear,27,17,5,49,,,,,,,,,
265,Aiguox Dark Sakura Glass,1/5/2025,KTT,Silent Linear,26,18,5,49,,,,,,,,,
265,Gateron Green Apple,1/26/2025,Gateron,Tactile,28,15,6,49,,,,,,,,,
265,XCJZ Green Tea,5/25/2025,LICHICX,Tactile,26,19,4,49,,,,,,,,,
265,BSUN Bordeaux,9/21/2025,BSUN,Tactile,27,17,5,49,,,,,,,,,
265,XCJZ x KTT Ice Orange Silent,3/22/2026,KTT,Silent Linear,26,18,5,49,,,,,,,,,
265,PantheonKeys x TTC PT Black,3/29/2026,TTC,Linear,27,18,4,49,,,,,,,,,
295,Gateron Yellow KS-8,8/1/2021,Gateron,Linear,27,15,6,48,,,,,,,,,
295,Cherry MX2A RGB Black (3 Pin),8/27/2023,Cherry,Linear,26,17,5,48,,,,,,,,,
295,Mode Signal,5/22/2022,Durock/JWK,Tactile,28,16,4,48,,,,,,,,,
295,Gateron Mink,4/3/2022,Gateron,Linear,27,15,6,48,,,,,,,,,
295,TTC Gold Pink,8/1/2021,TTC,Linear,27,15,6,48,,,,,,,,,
295,Cherry Viola,2/25/2024,Cherry,Linear,27,16,5,48,,,,,,,,,
295,Gateron Mochi,11/7/2021,Gateron,Linear,27,16,5,48,,,,,,,,,
295,KTT Sea Salt,9/12/2021,KTT,Linear,27,14,7,48,,,,,,,,,
295,KTT Peach,6/20/2021,KTT,Linear,27,14,7,48,,,,,,,,,
295,DesignerStudio White Jade,6/19/2022,Durock/JWK,Tactile,27,16,5,48,,,,,,,,,
295,Musetsu,5/22/2022,Durock/JWK,Tactile,25,19,4,48,,,,,,,,,
295,Haimu x Geon HG Silent Red,6/4/2023,Haimu,Silent Linear,26,16,6,48,,,,,,,,,
295,KTT Purple Sauce,6/11/2023,KTT,Clicky,27,16,5,48,,,,,,,,,
295,Original Aspiration (Release),2/3/2021,Durock/JWK,Linear,27,18,3,48,,,,,,,,,
295,NK x Kailh Speed Heavy Dark Yellow,3/26/2023,Kailh,Linear,26,15,7,48,,,,,,,,,
295,BSUN Pikachu,2/5/2023,BSUN,Linear,27,16,5,48,,,,,,,,,
295,Gateron Luciola,6/4/2023,Gateron,Linear,26,18,4,48,,,,,,,,,
295,SP Star Ayara,1/30/2022,SP Star,Linear,26,16,6,48,,,,,,,,,
295,Frost Panda,6/6/2021,Tecsee,Linear,24,18,6,48,,,,,,,,,
295,Durock Sunflower,5/28/2021,Durock/JWK,Tactile,26,19,3,48,,,,,,,,,
295,Healio,8/15/2021,Gateron,Silent Linear,26,16,6,48,,,,,,,,,
295,Leobog Nimbus,10/21/2023,SOAI,Linear,26,17,5,48,,,,,,,,,
295,Taiwan Jet Axis Yellow,8/22/2021,Unknown,Linear,20,22,6,48,,,,,,,,,
295,Varmilo Ivy L,12/22/2024,LICHICX,Clicky,27,16,5,48,,,,,,,,,
295,Kinetic Labs Turtle,2/23/2025,Haimu,Silent Tactile,27,16,5,48,,,,,,,,,
295,Tecsee Volcano Linear,4/6/2025,Tecsee,Linear,27,15,6,48,,,,,,,,,
295,Cherry MX Petal,11/8/2025,Cherry,Tactile,27,16,5,48,,,,,,,,,
322,Kailh Box Mute Jade,2/6/2022,Kailh,Clicky,26,17,4,47,,,,,,,,,
322,Mode Reflex,5/22/2022,Durock/JWK,Linear,27,16,4,47,,,,,,,,,
322,Cherry MX Orange,7/21/2024,Cherry,Linear,25,17,5,47,,,,,,,,,
322,Kailh Box Silent Brown,8/15/2021,Kailh,Silent Tactile,24,17,6,47,,,,,,,,,
322,Vertex V1 (Unlubed),7/23/2023,Durock/JWK,Linear,25,17,5,47,,,,,,,,,
322,TTC L Series Blue,2/25/2024,TTC,Clicky,24,18,5,47,,,,,,,,,
322,Queen,6/6/2021,Durock/JWK,Linear,26,17,4,47,,,,,,,,,
322,Kailh Box Sky Blue,9/26/2021,Kailh,Clicky,25,17,5,47,,,,,,,,,
322,Kailh Box Rose Red,9/26/2021,Kailh,Linear,25,17,5,47,,,,,,,,,
322,KTT Cabbage Tofu,6/5/2022,KTT,Linear,27,15,5,47,,,,,,,,,
322,BSUN Banana Tactile,12/31/2023,BSUN,Tactile,26,17,4,47,,,,,,,,,
322,Everglide Sky Blue V2.5,5/22/2022,Durock/JWK,Linear,26,16,5,47,,,,,,,,,
322,Haimu Gray Jade Tactile,12/15/2024,Haimu,Tactile,26,16,5,47,,,,,,,,,
322,Long Hua Platycodon Grandiflorum,1/5/2025,Kailh,Tactile,26,15,6,47,,,,,,,,,
336,Keychron Phantom Brown,3/20/2022,Gateron,Tactile,23,19,4,46,,,,,,,,,
336,Novelkeys Box Cream,5/9/2021,Kailh,Linear,25,16,5,46,,,,,,,,,
336,Taro Ball,4/25/2021,Durock/JWK,Tactile,26,14,6,46,,,,,,,,,
336,Akko CS Ocean Blue,3/21/2021,KTT,Tactile,23,19,4,46,,,,,,,,,
336,Mengmoda Honey,6/5/2022,Aflion,Tactile,26,15,5,46,,,,,,,,,
336,Chosfox Hanami Dango Pink,5/21/2023,Durock/JWK,Linear,25,17,4,46,,,,,,,,,
336,Kailh Canary,8/15/2021,Kailh,Tactile,25,16,5,46,,,,,,,,,
336,B.Stone Dark Eyes,4/7/2024,Unknown,Tactile,27,14,5,46,,,,,,,,,
336,Pewters,5/22/2022,Durock/JWK,Tactile,27,14,5,46,,,,,,,,,
336,XCJZ Jerrzi Lotus Stem,10/21/2023,Jerrzi,Clicky,25,16,5,46,,,,,,,,,
336,KTT Cloud Blue,9/12/2021,KTT,Linear,26,14,6,46,,,,,,,,,
336,Novelia,1/17/2021,Kailh,Tactile,26,16,4,46,,,,,,,,,
336,Everglide Lightning Silver Light Green,1/30/2022,Durock/JWK,Linear,24,18,4,46,,,,,,,,,
336,Leobog Standard Brown,1/14/2024,SOAI,Tactile,26,16,4,46,,,,,,,,,
336,Tecsee Middle Switch Tactile,10/15/2023,Tecsee,Tactile,26,16,4,46,,,,,,,,,
336,Varmilo Ivy L,10/13/2024,LICHICX,Clicky,25,17,4,46,,,,,,,,,
336,Jerrzi Blue,12/15/2024,Jerrzi,Clicky,26,16,4,46,,,,,,,,,
336,LCET Christmas Star,2/2/2025,Unknown,Linear,26,15,5,46,,,,,,,,,
336,Lekker V2 45g Linear,7/20/2025,Grain Gold,Linear,26,17,3,46,,,,,,,,,
336,Kailh Box Dark Chocolate,7/20/2025,Kailh,Linear,25,18,3,46,,,,,,,,,
336,Cherry MX Honey,9/25/2025,Cherry,Silent Tactile,25,18,3,46,,,,,,,,,
357,Redragon Sapphire,11/6/2022,Haimu,Tactile,25,16,4,45,,,,,,,,,
357,RRE Blacks,10/24/2021,Unknown,Linear,24,15,6,45,,,,,,,,,
357,Haimu Whisper,9/11/2022,Haimu,Silent Tactile,27,14,4,45,,,,,,,,,
357,8008 Ink,5/22/2022,Gateron,Linear,26,15,4,45,,,,,,,,,
357,Gateron Keyfirst Cream,9/12/2021,Gateron,Linear,25,16,4,45,,,,,,,,,
357,Ethereal Panda,5/22/2022,Tecsee,Tactile,23,18,4,45,,,,,,,,,
357,Snow Whites,5/22/2022,Durock/JWK,Linear,26,14,5,45,,,,,,,,,
357,G-Square Ram V2,9/8/2024,Grain Gold,Tactile,26,14,5,45,,,,,,,,,
365,Zealios V1 Linear,11/7/2021,Gateron,Linear,24,15,5,44,,,,,,,,,
365,Kailh Pro Purple (Plate Mount),1/16/2022,Kailh,Tactile,24,14,6,44,,,,,,,,,
365,Kailh Pro Burgundy (Plate Mount),1/16/2022,Kailh,Linear,25,14,5,44,,,,,,,,,
365,Cream Tactile,10/31/2021,Kailh,Tactile,25,15,4,44,,,,,,,,,
365,KTT Gold,5/22/2022,KTT,Clicky,24,14,6,44,,,,,,,,,
365,Kailh Box Quicksand Gold,9/26/2021,Kailh,Tactile,23,17,4,44,,,,,,,,,
365,Varmilo EC V2 Rose,10/21/2023,Unknown,Linear,25,15,4,44,,,,,,,,,
365,Popu,12/5/2021,Durock/JWK,Linear,26,16,2,44,,,,,,,,,
365,Gateron Beer,12/31/2023,Gateron,Tactile,25,15,4,44,,,,,,,,,
365,C3 Macho,9/12/2021,Durock/JWK,Linear,26,14,4,44,,,,,,,,,
365,Konpeitou,7/25/2021,Durock/JWK,Linear,24,16,4,44,,,,,,,,,
365,Outemu Silent Peach,3/20/2022,Outemu,Silent Linear,24,15,5,44,,,,,,,,,
365,Greetech Sunset,4/14/2024,Greetech,Linear,26,14,4,44,,,,,,,,,
365,Attack Shark Blue Jelly,1/19/2025,Unknown,Tactile,24,16,4,44,,,,,,,,,
365,Tecsee Crystal Lemon,3/16/2025,Tecsee,Tactile,25,18,1,44,,,,,,,,,
365,AULA Blue,5/4/2025,SOAI,Clicky,23,18,3,44,,,,,,,,,
365,HTMZ Pink,6/8/2025,Yusya,Linear,25,15,4,44,,,,,,,,,
365,Hyte Fluffy Lavender,8/3/2025,Unknown,Linear,26,14,4,44,,,,,,,,,
383,Cherry MX2A RGB Blue (3 Pin),9/3/2023,Cherry,Clicky,22,17,4,43,,,,,,,,,
383,Everglide Sakura Pink V2,8/1/2021,Durock/JWK,Linear,26,12,5,43,,,,,,,,,
383,Tecsee Christmas Dolphin,3/17/2024,Tecsee,Linear,26,12,5,43,,,,,,,,,
383,Gateron Robin,9/12/2021,Gateron,Linear,23,16,4,43,,,,,,,,,
383,Kailh Box Silent Pink,8/15/2021,Kailh,Silent Linear,21,16,6,43,,,,,,,,,
383,TTC x Helix Lab Skylar,3/26/2023,TTC,Clicky,23,15,5,43,,,,,,,,,
383,Cherry Jailhouse Blue,10/9/2022,Cherry,Tactile,24,14,5,43,,,,,,,,,
383,Cotton Candy,3/6/2022,Durock/JWK,Tactile,24,14,5,43,,,,,,,,,
383,NK x Kailh Speed Heavy Burnt Orange,3/26/2023,Kailh,Tactile,24,15,4,43,,,,,,,,,
383,Content Blue (Black Bottom),5/5/2024,KTT,Clicky,22,17,4,43,,,,,,,,,
383,Outemu Dustproof Teal,10/9/2022,Outemu,Clicky,22,17,4,43,,,,,,,,,
383,Gateron N1,8/15/2021,Gateron,Linear,24,14,5,43,,,,,,,,,
383,Attack Shark Green Jelly,1/19/2025,Unknown,Linear,25,15,3,43,,,,,,,,,
383,Zoch Flame Shadow,7/6/2025,KTT,Clicky,25,15,3,43,,,,,,,,,
397,Varmilo EC V2 Daisy,10/21/2023,Unknown,Linear,25,13,4,42,,,,,,,,,
397,Aliaz (80g),9/12/2021,Gateron,Silent Tactile,24,14,4,42,,,,,,,,,
397,Varmilo EC V2 Sakura,10/21/2023,Unknown,Linear,25,13,4,42,,,,,,,,,
397,Crane,9/12/2021,Durock/JWK,Tactile,23,16,3,42,,,,,,,,,
397,Monka V3 Cherry Powder,6/25/2023,Haimu,Linear,22,17,3,42,,,,,,,,,
397,Opgrey,3/26/2023,Durock/JWK,Tactile,25,13,4,42,,,,,,,,,
397,Honeycomb,1/8/2023,Meirun,Linear,21,18,3,42,,,,,,,,,
404,Gateron Ink Yellow V2,1/16/2022,Gateron,Linear,23,13,5,41,,,,,,,,,
404,Novelkeys Launch Creams,10/10/2021,Kailh,Linear,26,13,2,41,,,,,,,,,
404,Gateron Slate Grey,1/21/2021,Gateron,Linear,24,13,4,41,,,,,,,,,
404,Everglide Amber Orange V2 Pro!,8/1/2021,Durock/JWK,Linear,24,12,5,41,,,,,,,,,
404,NK x Kailh Chocolate,6/20/2021,Kailh,Linear,24,14,3,41,,,,,,,,,
404,Tecsee Honey Peach,2/18/2024,Tecsee,Linear,22,17,2,41,,,,,,,,,
404,Mengmoda Holy Panda,10/21/2023,SOAI,Tactile,23,17,1,41,,,,,,,,,
404,Glorious Lynx (Unlubed),8/29/2021,Tecsee,Linear,23,14,4,41,,,,,,,,,
404,Huano Clicky White,10/8/2023,Huano,Clicky,22,15,4,41,,,,,,,,,
404,Greetech Razer Yellow,1/16/2022,Greetech,Linear,23,13,5,41,,,,,,,,,
414,Kailh Pro Light Green (Plate Mount),1/16/2022,Kailh,Clicky,22,14,4,40,,,,,,,,,
414,LCET Blue and Purple,4/9/2023,Unknown,Clicky,22,14,4,40,,,,,,,,,
414,Gateron Mini,3/6/2022,Gateron,Linear,23,13,4,40,,,,,,,,,
414,Huano Silver,10/24/2021,Huano,Linear,23,13,4,40,,,,,,,,,
414,Gateron Ink Blue V1,8/15/2021,Gateron,Clicky,21,15,4,40,,,,,,,,,
414,Paigu Mocha Cheese,6/16/2024,Unknown,Linear,22,16,2,40,,,,,,,,,
414,Doom Linear,5/25/2025,Meirun,Linear,22,15,3,40,,,,,,,,,
421,Cherry MX Brown (3 Pin),3/14/2021,Cherry,Tactile,21,14,4,39,,,,,,,,,
421,Winkeyless.KR Zeal Clear,11/14/2021,Gateron,Tactile,24,11,4,39,,,,,,,,,
421,Obsidian L,12/18/2022,Durock/JWK,Linear,20,14,5,39,,,,,,,,,
421,Everglide Coral Red V2 Pro!,8/1/2021,Durock/JWK,Linear,22,12,5,39,,,,,,,,,
425,KK Lightwave,8/15/2021,Tecsee,Linear,22,11,5,38,,,,,,,,,
426,TTC Razer Dustproof Yellow,10/9/2022,TTC,Linear,20,14,3,37,,,,,,,,,
426,Glorious Mako Ultralight,10/20/2024,Outemu,Tactile,21,14,2,37,,,,,,,,,
428,Akko Pink,1/16/2022,Huano,Linear,19,13,4,36,,,,,,,,,
428,TTC Razer Dustproof Green,10/9/2022,TTC,Clicky,19,14,3,36,,,,,,,,,
428,Noppoo Brown,5/4/2025,KTT,Tactile,18,15,3,36,,,,,,,,,
428,Greetech OG Brown,12/7/2025,Greetech,Tactile,19,14,3,36,,,,,,,,,
432,Teton Cream,10/9/2022,Unknown,Linear,19,13,3,35,,,,,,,,,
432,Greetech Razer Orange,1/16/2022,Greetech,Tactile,19,13,3,35,,,,,,,,,
434,TTC Razer Dustproof Orange,10/9/2022,TTC,Tactile,16,14,4,34,,,,,,,,,
434,LCET Red (Black Bottom),5/21/2023,Unknown,Linear,17,14,3,34,,,,,,,,,
436,Greetech Razer Green,1/16/2022,Greetech,Clicky,17,13,3,33,,,,,,,,,
437,Everglide Jade Green V2,8/1/2021,Durock/JWK,Tactile,15,12,4,31,,,,,,,,,
438,TTC Orange Clicky,10/8/2023,TTC,Clicky,14,13,2,29,,,,,,,,,
438,OArmy Green,10/9/2022,Greetech,Clicky,14,12,3,29,,,,,,,,,
,,,,,,,,,,,,,,,,,
AVG,AVERAGE OF ALL,,-,-,26.9,17.8,5.6,50.3,,,,,,,,,
 - LINEAR RANKINGS -,,,,,,,,,,,,,,,,,
Rank,Switch Name,Date,Manufacturer,Type,Push Feel,Wobble,Sound,"Timeless
Total",,,,,,,,,
1,Ball Bearing Blue,3/24/2024,Unknown,Linear,31,25,8,64,,,,,,,,,
2,Alpaca V2,12/6/2020,Durock/JWK,Linear,32,22,9,63,,,,,,,,,
2,Everglide V3 'Water King' (60g),2/28/2020,Durock/JWK,Linear,32,24,7,63,,,,,,,,,
4,TTC Neptune,4/23/2023,TTC,Linear,31,23,8,62,,,,,,,,,
5,Gateron Speed Silver Pro,5/28/2021,Gateron,Linear,31,21,9,61,,,,,,,,,
5,Keyfirst Bling Blue,11/5/2023,Haimu,Linear,32,21,8,61,,,,,,,,,
5,Akko Mirror,11/24/2024,HMX,Linear,31,23,7,61,,,,,,,,,
5,WS Flux HE,4/27/2025,K2,Linear,33,18,10,61,,,,,,,,,
5,Gateron Magnetic Green Dragon HE,6/1/2025,Gateron,Linear,31,21,9,61,,,,,,,,,
5,Keygeek Athena,7/13/2025,Keygeek,Linear,32,21,8,61,,,,,,,,,
11,Huano Caramel Latte,6/23/2024,Huano,Linear,31,20,9,60,,,,,,,,,
11,Raptor MX Extreme,5/12/2024,HMX,Linear,30,23,7,60,,,,,,,,,
11,SWK Jieum V2,12/3/2023,SWK,Linear,29,24,7,60,,,,,,,,,
11,SWK Ripple,9/1/2024,SWK,Linear,30,23,7,60,,,,,,,,,
11,Keygeek Raspberry,10/13/2024,Keygeek,Linear,29,25,6,60,,,,,,,,,
11,HMX WJBY Su Color,11/17/2024,HMX,Linear,30,22,8,60,,,,,,,,,
11,Leobog Wing Chun Magnetic,3/16/2025,SOAI,Linear,29,23,8,60,,,,,,,,,
18,Gateron G Pro 3.0 Yellow,8/6/2023,Gateron,Linear,31,21,7,59,,,,,,,,,
18,Invokeys Black Sesame,10/2/2022,Aflion,Linear,32,20,7,59,,,,,,,,,
18,Keygeek Oat,11/10/2024,Keygeek,Linear,30,21,8,59,,,,,,,,,
18,Keebz n Cables x HMX Ice Cendol,3/2/2025,HMX,Linear,29,23,7,59,,,,,,,,,
18,Wingtree 277,1/11/2026,Wingtree,Linear,28,24,7,59,,,,,,,,,
23,Nixie Black,11/7/2020,Cherry,Linear,29,21,8,58,,,,,,,,,
23,Wuque Studio Morandi,3/19/2023,Haimu,Linear,31,19,8,58,,,,,,,,,
23,Caramel Chocolate (Lubed),12/31/2023,LICHICX,Linear,29,22,7,58,,,,,,,,,
23,KTT Strawberry,1/30/2021,KTT,Linear,30,20,8,58,,,,,,,,,
23,Moyu Studio x XCJZ Snow Grape,9/17/2023,Unknown,Linear,30,19,9,58,,,,,,,,,
23,Geon Raw HE,12/15/2024,Grain Gold,Linear,28,24,6,58,,,,,,,,,
23,Kailh Box Luna,7/6/2025,Kailh,Linear,28,24,6,58,,,,,,,,,
23,Novelkeys Classic Blue,8/10/2025,Unknown,Linear,28,24,6,58,,,,,,,,,
23,Keygeek VC,8/17/2025,Keygeek,Linear,30,22,6,58,,,,,,,,,
32,Invokeys Matcha Latte,1/9/2022,Aflion,Linear,29,20,8,57,,,,,,,,,
32,Durock POM Linear (Sample),12/20/2020,Durock/JWK,Linear,29,22,6,57,,,,,,,,,
32,Zeal Pearlio,7/3/2022,Gateron,Linear,29,22,6,57,,,,,,,,,
32,TTC Speed Gold V2,4/6/2025,TTC,Linear,29,21,7,57,,,,,,,,,
32,WS Arowana Red,6/8/2025,HMX,Linear,28,23,6,57,,,,,,,,,
32,Everglide Magneto UE,7/20/2025,Grain Gold,Linear,29,24,4,57,,,,,,,,,
32,SW Cocoblack,9/21/2025,Durock/JWK,Linear,27,22,8,57,,,,,,,,,
32,Unionwell Polar Magnetic Pro+,12/14/2025,Greetech,Linear,30,21,6,57,,,,,,,,,
32,Gateron Magnetic Jade Delta Dark,2/1/2026,Gateron,Linear,30,19,8,57,,,,,,,,,
41,TTC Tiger,5/15/2022,TTC,Linear,29,22,5,56,,,,,,,,,
41,Gateron Oil King,1/23/2022,Gateron,Linear,30,19,7,56,,,,,,,,,
41,Kailh Christmas Tree,3/13/2022,Kailh,Linear,30,18,8,56,,,,,,,,,
41,Lavenders,1/2/2020,Durock/JWK,Linear,29,20,7,56,,,,,,,,,
41,Quartz,8/1/2021,Durock/JWK,Linear,30,21,5,56,,,,,,,,,
41,Everfree Cedar,9/22/2024,Gateron,Linear,30,19,7,56,,,,,,,,,
41,Keygeek Cera X (48g),4/12/2026,Keygeek,Linear,28,21,7,56,,,,,,,,,
48,Gateron Pro Yellow,5/28/2021,Gateron,Linear,27,21,7,55,,,,,,,,,
48,JWICK Ginger Milk,8/14/2022,Durock/JWK,Linear,28,21,6,55,,,,,,,,,
48,Gateron Vermilion Bird,8/15/2021,Gateron,Linear,30,17,8,55,,,,,,,,,
48,Gateron Box Ink Black,10/24/2021,Gateron,Linear,29,18,8,55,,,,,,,,,
48,Gateron Box Ink Pink,10/16/2021,Gateron,Linear,29,19,7,55,,,,,,,,,
48,Gateron Lunar Probe,2/25/2024,Gateron,Linear,31,16,8,55,,,,,,,,,
48,EMT V2,10/30/2022,Haimu,Linear,29,18,8,55,,,,,,,,,
48,Hoshizora,5/22/2022,Durock/JWK,Linear,29,21,5,55,,,,,,,,,
48,Jerrzi Poseidon,5/5/2024,Jerrzi,Linear,28,22,5,55,,,,,,,,,
48,Gateron Deepping,5/26/2024,Gateron,Linear,30,18,7,55,,,,,,,,,
48,RAMA WORKS Duck,7/24/2022,Gateron,Linear,29,20,6,55,,,,,,,,,
48,"TTC Magneto, King of Magnets POM",3/16/2025,TTC,Linear,28,22,5,55,,,,,,,,,
48,Shortcut Studio SC,5/4/2025,HMX,Linear,27,22,6,55,,,,,,,,,
48,Keygeek Y2 (20mm/45g),8/24/2025,Keygeek,Linear,29,18,8,55,,,,,,,,,
48,Wingtree Yuci HE,11/30/2025,Co-Gain/XUDA,Linear,27,24,4,55,,,,,,,,,
63,Wuque Studio Onion,3/27/2022,Durock/JWK,Linear,30,18,6,54,,,,,,,,,
63,Durock Sea Glass,9/3/2023,Durock/JWK,Linear,30,17,7,54,,,,,,,,,
63,Gateron Cream Soda,10/23/2022,Gateron,Linear,29,18,7,54,,,,,,,,,
63,Akko CS Starfish,11/21/2021,KTT,Linear,29,20,5,54,,,,,,,,,
63,Meow Claw V2,9/12/2021,Huano,Linear,27,21,6,54,,,,,,,,,
63,BSUN Agarwood,2/9/2025,BSUN,Linear,30,16,8,54,,,,,,,,,
63,Keygeek Sunflower,9/7/2025,Keygeek,Linear,29,19,6,54,,,,,,,,,
70,Cherry MX 'New Nixie' (Black Clear-Top),12/4/2022,Cherry,Linear,27,20,6,53,,,,,,,,,
70,Momoka Frog V3,6/12/2021,Momoka,Linear,28,19,6,53,,,,,,,,,
70,Novelkeys Cream+ (Copper Insert),1/1/2023,Kailh,Linear,28,18,7,53,,,,,,,,,
70,Akko CS Rose Red,3/21/2021,KTT,Linear,29,19,5,53,,,,,,,,,
70,Kailh Prestige Delighted,8/11/2024,Kailh,Linear,29,16,8,53,,,,,,,,,
70,Obsidian Pro,2/20/2022,Durock/JWK,Linear,30,16,7,53,,,,,,,,,
70,Invokeys Purple Rice,12/17/2023,BSUN,Linear,28,19,6,53,,,,,,,,,
70,Gateron CJ,10/3/2021,Gateron,Linear,29,19,5,53,,,,,,,,,
70,Feker Emerald Cabbage,1/21/2024,Unknown,Linear,28,18,7,53,,,,,,,,,
70,Kingfishers,5/22/2022,Tecsee,Linear,28,18,7,53,,,,,,,,,
70,Spring Switch,12/17/2023,BSUN,Linear,28,19,6,53,,,,,,,,,
70,Gateron Pro Ultra Glory Yellow,9/29/2024,Gateron,Linear,29,17,7,53,,,,,,,,,
70,BSUN Milk Tea Siam V2,12/15/2024,BSUN,Linear,28,18,7,53,,,,,,,,,
70,Geon Lucifer HE,5/4/2025,Grain Gold,Linear,29,17,7,53,,,,,,,,,
84,Gateron X Yellow,11/7/2021,Gateron,Linear,28,17,7,52,,,,,,,,,
84,NK Silk Mictlan,3/5/2023,Durock/JWK,Linear,29,17,6,52,,,,,,,,,
84,Blueberry Swirl,6/4/2023,KTT,Linear,27,19,6,52,,,,,,,,,
84,Ajazz x Huano Peach,9/26/2021,Huano,Linear,29,16,7,52,,,,,,,,,
84,TTC Wild (42g.),9/5/2021,TTC,Linear,29,18,5,52,,,,,,,,,
84,Huano Fi,7/2/2023,Huano,Linear,28,18,6,52,,,,,,,,,
84,Gateron Hippo,4/4/2021,Gateron,Linear,28,19,5,52,,,,,,,,,
84,Akko CS Jelly White,11/21/2021,KTT,Linear,27,19,6,52,,,,,,,,,
84,Gamakay Jupiter,1/28/2024,Outemu,Linear,29,18,5,52,,,,,,,,,
84,Huano Pineapple,5/28/2023,Huano,Linear,28,17,7,52,,,,,,,,,
84,Jerrzi Blueberry Mousse,2/2/2025,Jerrzi,Linear,28,18,6,52,,,,,,,,,
84,Kailh Extreme Slippery,3/23/2025,Kailh,Linear,28,17,7,52,,,,,,,,,
84,KTT Wine Red Pro,11/2/2025,KTT,Linear,28,18,6,52,,,,,,,,,
84,HMX Crisp,4/12/2026,HMX,Linear,26,23,3,52,,,,,,,,,
98,Novelkeys Cream+ (Titanium Insert),1/1/2023,Kailh,Linear,27,18,6,51,,,,,,,,,
98,Raed,4/25/2021,Tecsee,Linear,27,17,7,51,,,,,,,,,
98,Novelkeys Dream Cream,10/16/2022,Kailh,Linear,27,18,6,51,,,,,,,,,
98,Kailh Box Speed Ultimate,2/13/2022,Kailh,Linear,30,17,4,51,,,,,,,,,
98,Auralite,8/29/2021,Tecsee,Linear,27,18,6,51,,,,,,,,,
98,Star Grey,8/1/2021,SP Star,Linear,28,16,7,51,,,,,,,,,
98,Husky,5/30/2021,Tecsee,Linear,28,17,6,51,,,,,,,,,
98,Huano Earth Yellow,2/5/2023,Huano,Linear,28,17,6,51,,,,,,,,,
98,SP Star Marble Soda Melon,1/16/2022,SP Star,Linear,27,18,6,51,,,,,,,,,
98,Novelkeys Cream Arc,5/29/2022,Kailh,Linear,28,18,5,51,,,,,,,,,
98,Qeeke Begonia (Crabapple),10/21/2023,Jerrzi,Linear,27,17,7,51,,,,,,,,,
98,Mengmoda Ice Cream,10/21/2023,SOAI,Linear,28,16,7,51,,,,,,,,,
98,Kailh Box Spring,3/17/2024,Kailh,Linear,28,17,6,51,,,,,,,,,
98,43 Studio Jing,4/7/2024,Durock/JWK,Linear,26,20,5,51,,,,,,,,,
98,Akko Dracula,12/1/2024,Outemu,Linear,28,18,5,51,,,,,,,,,
98,Mitarashi Dango,12/29/2024,Unknown,Linear,29,16,6,51,,,,,,,,,
98,KTT Teresa,3/30/2025,KTT,Linear,27,19,5,51,,,,,,,,,
98,Durock Mocha Silk,6/22/2025,Durock/JWK,Linear,27,19,5,51,,,,,,,,,
98,TTC Magnetic Snake White CNY,8/3/2025,TTC,Linear,28,18,5,51,,,,,,,,,
98,Kailh Calligraphy,1/25/2026,Kailh,Linear,27,20,4,51,,,,,,,,,
118,Diamond Avalon,10/1/2023,Unknown,Linear,26,19,5,50,,,,,,,,,
118,Novelkeys Cream+ (No Insert),1/1/2023,Kailh,Linear,26,18,6,50,,,,,,,,,
118,Penyu,8/15/2021,Durock/JWK,Linear,26,19,5,50,,,,,,,,,
118,KTT Kang White,6/20/2021,KTT,Linear,28,15,7,50,,,,,,,,,
118,Geon Raptor MX,4/7/2024,BSUN,Linear,27,18,5,50,,,,,,,,,
118,Rubrehose Brown,1/8/2023,Tecsee,Linear,27,17,6,50,,,,,,,,,
118,Gateron UHMknown,4/30/2023,Gateron,Linear,28,16,6,50,,,,,,,,,
118,Zeal Clickiez 75g. (Linear),7/10/2022,Gateron,Linear,27,18,5,50,,,,,,,,,
118,Lumia Matcha (62g),3/20/2022,Unknown,Linear,26,17,7,50,,,,,,,,,
118,Tsavorite,1/30/2022,Durock/JWK,Linear,27,17,6,50,,,,,,,,,
118,BSUN POM Linear,2/23/2021,BSUN,Linear,29,15,6,50,,,,,,,,,
118,Wuque WS POM+,8/18/2024,Gateron,Linear,29,15,6,50,,,,,,,,,
118,Sarokeys BCP,11/12/2023,BSUN,Linear,27,17,6,50,,,,,,,,,
118,Keychron x Gateron Aurora,9/8/2024,Gateron,Linear,28,17,5,50,,,,,,,,,
118,Long Hua Cardamom,1/19/2025,Kailh,Linear,28,16,6,50,,,,,,,,,
118,Gateron X V3,6/28/2025,Gateron,Linear,28,17,5,50,,,,,,,,,
118,HMX Anti,11/22/2025,HMX,Linear,28,16,6,50,,,,,,,,,
118,Cherry MX Firefinch,1/4/2026,Cherry,Linear,28,17,5,50,,,,,,,,,
118,Everfree Fast Silver,2/8/2026,Gateron,Linear,28,16,6,50,,,,,,,,,
118,Keygeek Muse,2/15/2026,Keygeek,Linear,26,18,6,50,,,,,,,,,
138,Akko V3 Cream Yellow,11/20/2022,KTT,Linear,27,16,6,49,,,,,,,,,
138,DareU Mahjong,8/6/2023,Huano,Linear,26,18,5,49,,,,,,,,,
138,KFA Lubed Pink Robin,9/11/2022,Aflion,Linear,27,17,5,49,,,,,,,,,
138,SP Star Sacramento,12/26/2021,SP Star,Linear,26,17,6,49,,,,,,,,,
138,Opblack,2/13/2020,Durock/JWK,Linear,28,15,6,49,,,,,,,,,
138,Lubed Black Geon Switch,8/7/2022,Tecsee,Linear,27,16,6,49,,,,,,,,,
138,Cow Orange,10/10/2021,Tecsee,Linear,25,18,6,49,,,,,,,,,
138,Designer Studio Graphite Gold,6/26/2022,Durock/JWK,Linear,27,16,6,49,,,,,,,,,
138,Gateron Dual-Rail Magnetic Orange,6/9/2024,Gateron,Linear,27,18,4,49,,,,,,,,,
138,Strawberry Jelly V2,6/5/2022,Huano,Linear,24,21,4,49,,,,,,,,,
138,Original Aspiration (Sample),9/18/2020,Durock/JWK,Linear,28,17,4,49,,,,,,,,,
138,Melgeek Plastic,11/19/2023,Kailh,Linear,27,18,4,49,,,,,,,,,
138,Huano Grape Orange,11/17/2024,Huano,Linear,27,16,6,49,,,,,,,,,
138,Kailh x Melgeek Hornet HE,12/22/2024,Kailh,Linear,27,17,5,49,,,,,,,,,
138,PantheonKeys x TTC PT Black,3/29/2026,TTC,Linear,27,18,4,49,,,,,,,,,
153,Gateron Yellow KS-8,8/1/2021,Gateron,Linear,27,15,6,48,,,,,,,,,
153,Cherry MX2A RGB Black (3 Pin),8/27/2023,Cherry,Linear,26,17,5,48,,,,,,,,,
153,Gateron Mink,4/3/2022,Gateron,Linear,27,15,6,48,,,,,,,,,
153,TTC Gold Pink,8/1/2021,TTC,Linear,27,15,6,48,,,,,,,,,
153,Cherry Viola,2/25/2024,Cherry,Linear,27,16,5,48,,,,,,,,,
153,Gateron Mochi,11/7/2021,Gateron,Linear,27,16,5,48,,,,,,,,,
153,KTT Sea Salt,9/12/2021,KTT,Linear,27,14,7,48,,,,,,,,,
153,KTT Peach,6/20/2021,KTT,Linear,27,14,7,48,,,,,,,,,
153,NK x Kailh Speed Heavy Dark Yellow,3/26/2023,Kailh,Linear,26,15,7,48,,,,,,,,,
153,Original Aspiration (Release),2/3/2021,Durock/JWK,Linear,27,18,3,48,,,,,,,,,
153,Gateron Luciola,6/4/2023,Gateron,Linear,26,18,4,48,,,,,,,,,
153,BSUN Pikachu,2/5/2023,BSUN,Linear,27,16,5,48,,,,,,,,,
153,SP Star Ayara,1/30/2022,SP Star,Linear,26,16,6,48,,,,,,,,,
153,Frost Panda,6/6/2021,Tecsee,Linear,24,18,6,48,,,,,,,,,
153,Leobog Nimbus,10/21/2023,SOAI,Linear,26,17,5,48,,,,,,,,,
153,Taiwan Jet Axis Yellow,8/22/2021,Unknown,Linear,20,22,6,48,,,,,,,,,
153,Tecsee Volcano Linear,4/6/2025,Tecsee,Linear,27,15,6,48,,,,,,,,,
170,Mode Reflex,5/22/2022,Durock/JWK,Linear,27,16,4,47,,,,,,,,,
170,Cherry MX Orange,7/21/2024,Cherry,Linear,25,17,5,47,,,,,,,,,
170,Vertex V1 (Unlubed),7/23/2023,Durock/JWK,Linear,25,17,5,47,,,,,,,,,
170,Queen,6/6/2021,Durock/JWK,Linear,26,17,4,47,,,,,,,,,
170,KTT Cabbage Tofu,6/5/2022,KTT,Linear,27,15,5,47,,,,,,,,,
170,Kailh Box Rose Red,9/26/2021,Kailh,Linear,25,17,5,47,,,,,,,,,
170,Everglide Sky Blue V2.5,5/22/2022,Durock/JWK,Linear,26,16,5,47,,,,,,,,,
177,Novelkeys Box Cream,5/9/2021,Kailh,Linear,25,16,5,46,,,,,,,,,
177,Chosfox Hanami Dango Pink,5/21/2023,Durock/JWK,Linear,25,17,4,46,,,,,,,,,
177,KTT Cloud Blue,9/12/2021,KTT,Linear,26,14,6,46,,,,,,,,,
177,Everglide Lightning Silver Light Green,1/30/2022,Durock/JWK,Linear,24,18,4,46,,,,,,,,,
177,LCET Christmas Star,2/2/2025,Unknown,Linear,26,15,5,46,,,,,,,,,
177,Lekker V2 45g Linear,7/20/2025,Grain Gold,Linear,26,17,3,46,,,,,,,,,
177,Kailh Box Dark Chocolate,7/20/2025,Kailh,Linear,25,18,3,46,,,,,,,,,
184,RRE Blacks,10/24/2021,Unknown,Linear,24,15,6,45,,,,,,,,,
184,8008 Ink,5/22/2022,Gateron,Linear,26,15,4,45,,,,,,,,,
184,Gateron Keyfirst Cream,9/12/2021,Gateron,Linear,25,16,4,45,,,,,,,,,
184,Snow Whites,5/22/2022,Durock/JWK,Linear,26,14,5,45,,,,,,,,,
188,Zealios V1 Linear,11/7/2021,Gateron,Linear,24,15,5,44,,,,,,,,,
188,Kailh Pro Burgundy (Plate Mount),1/16/2022,Kailh,Linear,25,14,5,44,,,,,,,,,
188,Varmilo EC V2 Rose,10/21/2023,Unknown,Linear,25,15,4,44,,,,,,,,,
188,Popu,12/5/2021,Durock/JWK,Linear,26,16,2,44,,,,,,,,,
188,C3 Macho,9/12/2021,Durock/JWK,Linear,26,14,4,44,,,,,,,,,
188,Konpeitou,7/25/2021,Durock/JWK,Linear,24,16,4,44,,,,,,,,,
188,Greetech Sunset,4/14/2024,Greetech,Linear,26,14,4,44,,,,,,,,,
188,HTMZ Pink,6/8/2025,Yusya,Linear,25,15,4,44,,,,,,,,,
188,Hyte Fluffy Lavender,8/3/2025,Unknown,Linear,26,14,4,44,,,,,,,,,
197,Tecsee Christmas Dolphin,3/17/2024,Tecsee,Linear,26,12,5,43,,,,,,,,,
197,Everglide Sakura Pink V2,8/1/2021,Durock/JWK,Linear,26,12,5,43,,,,,,,,,
197,Gateron Robin,9/12/2021,Gateron,Linear,23,16,4,43,,,,,,,,,
197,Gateron N1,8/15/2021,Gateron,Linear,24,14,5,43,,,,,,,,,
197,Attack Shark Green Jelly,1/19/2025,Unknown,Linear,25,15,3,43,,,,,,,,,
202,Varmilo EC V2 Daisy,10/21/2023,Unknown,Linear,25,13,4,42,,,,,,,,,
202,Varmilo EC V2 Sakura,10/21/2023,Unknown,Linear,25,13,4,42,,,,,,,,,
202,Monka V3 Cherry Powder,6/25/2023,Haimu,Linear,22,17,3,42,,,,,,,,,
202,Honeycomb,1/8/2023,Meirun,Linear,21,18,3,42,,,,,,,,,
206,Gateron Ink Yellow V2,1/16/2022,Gateron,Linear,23,13,5,41,,,,,,,,,
206,Novelkeys Launch Creams,10/10/2021,Kailh,Linear,26,13,2,41,,,,,,,,,
206,Gateron Slate Grey,1/21/2021,Gateron,Linear,24,13,4,41,,,,,,,,,
206,Tecsee Honey Peach,2/18/2024,Tecsee,Linear,22,17,2,41,,,,,,,,,
206,Everglide Amber Orange V2 Pro!,8/1/2021,Durock/JWK,Linear,24,12,5,41,,,,,,,,,
206,NK x Kailh Chocolate,6/20/2021,Kailh,Linear,24,14,3,41,,,,,,,,,
206,Glorious Lynx (Unlubed),8/29/2021,Tecsee,Linear,23,14,4,41,,,,,,,,,
206,Greetech Razer Yellow,1/16/2022,Greetech,Linear,23,13,5,41,,,,,,,,,
214,Gateron Mini,3/6/2022,Gateron,Linear,23,13,4,40,,,,,,,,,
214,Huano Silver,10/24/2021,Huano,Linear,23,13,4,40,,,,,,,,,
214,Paigu Mocha Cheese,6/16/2024,Unknown,Linear,22,16,2,40,,,,,,,,,
214,Doom Linear,5/25/2025,Meirun,Linear,22,15,3,40,,,,,,,,,
218,Obsidian L,12/18/2022,Durock/JWK,Linear,20,14,5,39,,,,,,,,,
218,Everglide Coral Red V2 Pro!,8/1/2021,Durock/JWK,Linear,22,12,5,39,,,,,,,,,
220,KK Lightwave,8/15/2021,Tecsee,Linear,22,11,5,38,,,,,,,,,
221,TTC Razer Dustproof Yellow,10/9/2022,TTC,Linear,20,14,3,37,,,,,,,,,
222,Akko Pink,1/16/2022,Huano,Linear,19,13,4,36,,,,,,,,,
223,Teton Cream,10/9/2022,Unknown,Linear,19,13,3,35,,,,,,,,,
224,LCET Red (Black Bottom),5/21/2023,Unknown,Linear,17,14,3,34,,,,,,,,,
,,,,,,,,,,,,,,,,,
AVG,AVERAGE OF ALL,,-,-,27.2,17.8,5.7,50.7,,,,,,,,,
 - TACTILE RANKINGS -,,,,,,,,,,,,,,,,,
Rank,Switch Name,Date,Manufacturer,Type,Push Feel,Wobble,Sound,"Timeless
Total",,,,,,,,,
1,U4T (62g),3/26/2023,Outemu,Tactile,32,23,8,63,,,,,,,,,
2,BSUN Golden Apple,3/1/2026,BSUN,Tactile,30,21,9,60,,,,,,,,,
2,Wingtree BM11,4/12/2026,Wingtree,Tactile,29,24,7,60,,,,,,,,,
4,Tecsee Purple Panda,5/9/2021,Tecsee,Tactile,29,22,8,59,,,,,,,,,
4,Holy Panda X,3/1/2022,Gateron,Tactile,31,23,5,59,,,,,,,,,
4,AEBoards Naevy EC,3/9/2025,Tecsee,Tactile,29,24,6,59,,,,,,,,,
7,Aflion Black and Orange,4/17/2022,Aflion,Tactile,28,23,7,58,,,,,,,,,
7,Hojicha Reserve,9/15/2024,BSUN,Tactile,30,21,7,58,,,,,,,,,
7,Gateron Longjing Tea,7/6/2025,Gateron,Tactile,29,23,6,58,,,,,,,,,
10,Sillyworks x Gateron Type R,1/12/2025,Gateron,Tactile,31,18,8,57,,,,,,,,,
10,HMX Frog,1/18/2026,HMX,Tactile,29,23,5,57,,,,,,,,,
12,C3 Kiwi,8/1/2021,Durock/JWK,Tactile,29,19,8,56,,,,,,,,,
12,Akko Cilantro,5/18/2025,HMX,Tactile,28,23,5,56,,,,,,,,,
12,Gateron Lanes,9/14/2025,Gateron,Tactile,32,18,6,56,,,,,,,,,
12,HMX Firecracker,11/2/2025,HMX,Tactile,28,23,5,56,,,,,,,,,
16,Penguins,3/26/2023,Durock/JWK,Tactile,27,22,6,55,,,,,,,,,
16,Cookies n' Cream,1/29/2024,KTT,Tactile,28,22,5,55,,,,,,,,,
16,Zeal Clickiez 75g. (Tactile),7/10/2022,Gateron,Tactile,28,20,7,55,,,,,,,,,
16,Harimau,8/8/2021,Durock/JWK,Tactile,30,19,6,55,,,,,,,,,
16,Wuque Light Tactile,6/16/2024,Haimu,Tactile,29,18,8,55,,,,,,,,,
16,SP Star Magic Girl (Classic),3/26/2023,SP Star,Tactile,30,17,8,55,,,,,,,,,
16,Aflion Thunder Shadow,3/17/2024,Aflion,Tactile,26,22,7,55,,,,,,,,,
16,BSUN Peach Mellow,9/21/2025,BSUN,Tactile,29,19,7,55,,,,,,,,,
16,HMX Black Cat,2/22/2026,HMX,Tactile,29,19,7,55,,,,,,,,,
16,HMX Hydra,4/12/2026,HMX,Tactile,28,22,5,55,,,,,,,,,
26,Invokeys Blueberry Chiffon,8/21/2022,Aflion,Tactile,28,20,6,54,,,,,,,,,
26,Naevy V1.5,4/18/2021,Tecsee,Tactile,29,17,8,54,,,,,,,,,
26,MODE Tomorrow,1/15/2023,Outemu,Tactile,28,20,6,54,,,,,,,,,
26,Zealio V1 Redux (62g),11/28/2021,Gateron,Tactile,29,19,6,54,,,,,,,,,
26,Tecsee Sapphire,3/26/2023,Tecsee,Tactile,30,17,7,54,,,,,,,,,
26,HMX Snowfall,1/11/2026,HMX,Tactile,26,23,5,54,,,,,,,,,
26,HMX Valerian,4/5/2026,HMX,Tactile,29,19,6,54,,,,,,,,,
33,Tecsee Ice Milk Tactile,6/19/2022,Tecsee,Tactile,29,18,6,53,,,,,,,,,
33,Momoka Shark,6/12/2022,Momoka,Tactile,29,18,6,53,,,,,,,,,
33,Ajazz x Huano Banana,9/19/2021,Huano,Tactile,30,16,7,53,,,,,,,,,
33,Chosfox Hanami Dango Green,5/21/2023,Durock/JWK,Tactile,25,23,5,53,,,,,,,,,
33,Amethyst,8/9/2021,Tecsee,Tactile,28,18,7,53,,,,,,,,,
33,Ice Kachang (Unlubed),11/5/2023,Aflion,Tactile,27,20,6,53,,,,,,,,,
33,JKDK x XCJZ Hillstone,9/24/2023,BSUN,Tactile,28,18,7,53,,,,,,,,,
33,Akko CS Sponge,11/21/2021,KTT,Tactile,27,20,6,53,,,,,,,,,
33,KTT Matcha,3/21/2021,KTT,Tactile,28,20,5,53,,,,,,,,,
33,Tecsee Sapphire V2,9/12/2021,Tecsee,Tactile,30,15,8,53,,,,,,,,,
33,Zeal Crystal,7/3/2022,Gateron,Tactile,28,20,5,53,,,,,,,,,
33,Leobog Interstellar,3/16/2025,SOAI,Tactile,26,21,6,53,,,,,,,,,
33,Gateron Magnetic Jade Emerald,10/11/2025,Gateron,Tactile,27,21,5,53,,,,,,,,,
33,Akko Bittersweet,11/30/2025,Outemu,Tactile,28,20,5,53,,,,,,,,,
33,Gateron Full POM Banana Smoothie,2/8/2026,Gateron,Tactile,27,21,5,53,,,,,,,,,
48,Ajazz x Huano Kiwi,10/10/2021,Huano,Tactile,30,16,6,52,,,,,,,,,
48,CK x Haimu Pastel Thistle,7/23/2023,Haimu,Tactile,29,18,5,52,,,,,,,,,
48,KTT Mallo,8/29/2021,KTT,Tactile,30,16,6,52,,,,,,,,,
48,Gateron Azure Dragon,8/15/2021,Gateron,Tactile,29,17,6,52,,,,,,,,,
48,NuPhy Lemon,4/6/2025,Gateron,Tactile,28,18,6,52,,,,,,,,,
48,Cherry MX Falcon,10/5/2025,Cherry,Tactile,29,18,5,52,,,,,,,,,
54,Neapolitan Ice Creams,5/2/2021,Tecsee,Tactile,30,14,7,51,,,,,,,,,
54,JWICK Taro,8/14/2022,Durock/JWK,Tactile,26,20,5,51,,,,,,,,,
54,Zaku II,12/10/2023,Tecsee,Tactile,28,17,6,51,,,,,,,,,
54,Glorious Panda,8/1/2021,Tecsee,Tactile,30,16,5,51,,,,,,,,,
54,Gateron Root Beer Float,4/16/2023,Gateron,Tactile,28,18,5,51,,,,,,,,,
54,Anubis,8/1/2021,Durock/JWK,Tactile,29,15,7,51,,,,,,,,,
54,Star Purple,8/1/2021,SP Star,Tactile,29,16,6,51,,,,,,,,,
54,Gateron Azure Dragon V2,12/11/2022,Gateron,Tactile,27,19,5,51,,,,,,,,,
54,Betty,11/6/2022,Haimu,Tactile,27,18,6,51,,,,,,,,,
54,Gateron Kangaroo Inks,11/21/2020,Gateron,Tactile,28,16,7,51,,,,,,,,,
54,Cherry MX Purple,1/7/2024,Cherry,Tactile,28,17,6,51,,,,,,,,,
54,KTT Wind Phantom,12/1/2024,KTT,Tactile,27,20,4,51,,,,,,,,,
54,Keychron Super Banana,12/22/2024,Unknown,Tactile,26,22,3,51,,,,,,,,,
54,Invokeys Goji Reserve,10/26/2025,BSUN,Tactile,29,17,5,51,,,,,,,,,
54,HMX Longjing S,1/11/2026,HMX,Tactile,25,21,5,51,,,,,,,,,
54,KTT Blueberry Ice Cream,3/22/2026,KTT,Tactile,26,20,5,51,,,,,,,,,
70,Gateron SolDark,12/5/2021,Gateron,Tactile,29,16,5,50,,,,,,,,,
70,Everfree Grayish Tactile,4/28/2024,Gateron,Tactile,27,18,5,50,,,,,,,,,
70,Akko V3 Cream Blue,11/20/2022,KTT,Tactile,26,19,5,50,,,,,,,,,
70,Gateron Cap Brown,4/11/2021,Gateron,Tactile,28,15,7,50,,,,,,,,,
70,BSUN Strawberry Cheesecake,8/11/2024,BSUN,Tactile,29,16,5,50,,,,,,,,,
70,BSUN Avocado Panda V2,2/5/2023,BSUN,Tactile,27,18,5,50,,,,,,,,,
70,Hexin Workshop Bamboo Green (60g),8/1/2021,Durock/JWK,Tactile,27,16,7,50,,,,,,,,,
70,Leobog Pig Synapse,10/21/2023,SOAI,Tactile,25,22,3,50,,,,,,,,,
70,Zuoce Litchi Milk,5/25/2025,Unknown,Tactile,27,18,5,50,,,,,,,,,
70,Durock Mocha Chocolate,6/22/2025,Durock/JWK,Tactile,26,19,5,50,,,,,,,,,
70,KNC Keys Chocolate Crinkle Cookies,6/22/2025,Tecsee,Tactile,28,17,5,50,,,,,,,,,
70,Gateron Azure Dragon V4,11/30/2025,Gateron,Tactile,27,19,4,50,,,,,,,,,
82,Cherry MX Ergo Clear (3 Pin),5/7/2023,Cherry,Tactile,28,16,5,49,,,,,,,,,
82,TTC Blueish White,3/26/2023,TTC,Tactile,28,15,6,49,,,,,,,,,
82,Gamakay Venus,1/28/2024,Outemu,Tactile,26,18,5,49,,,,,,,,,
82,'Aura' Frost Panda,6/6/2021,Tecsee,Tactile,26,18,5,49,,,,,,,,,
82,Naevy V1,8/15/2021,Tecsee,Tactile,28,14,7,49,,,,,,,,,
82,Moyu Black,8/1/2021,Durock/JWK,Tactile,27,17,5,49,,,,,,,,,
82,Gateron Green Apple,1/26/2025,Gateron,Tactile,28,15,6,49,,,,,,,,,
82,XCJZ Green Tea,5/25/2025,LICHICX,Tactile,26,19,4,49,,,,,,,,,
82,BSUN Bordeaux,9/21/2025,BSUN,Tactile,27,17,5,49,,,,,,,,,
91,Mode Signal,5/22/2022,Durock/JWK,Tactile,28,16,4,48,,,,,,,,,
91,DesignerStudio White Jade,6/19/2022,Durock/JWK,Tactile,27,16,5,48,,,,,,,,,
91,Musetsu,5/22/2022,Durock/JWK,Tactile,25,19,4,48,,,,,,,,,
91,Durock Sunflower,5/28/2021,Durock/JWK,Tactile,26,19,3,48,,,,,,,,,
91,Cherry MX Petal,11/8/2025,Cherry,Tactile,27,16,5,48,,,,,,,,,
96,BSUN Banana Tactile,12/31/2023,BSUN,Tactile,26,17,4,47,,,,,,,,,
96,Haimu Gray Jade Tactile,12/15/2024,Haimu,Tactile,26,16,5,47,,,,,,,,,
96,Long Hua Platycodon Grandiflorum,1/5/2025,Kailh,Tactile,26,15,6,47,,,,,,,,,
99,Keychron Phantom Brown,3/20/2022,Gateron,Tactile,23,19,4,46,,,,,,,,,
99,Taro Ball,4/25/2021,Durock/JWK,Tactile,26,14,6,46,,,,,,,,,
99,Akko CS Ocean Blue,3/21/2021,KTT,Tactile,23,19,4,46,,,,,,,,,
99,B.Stone Dark Eyes,4/7/2024,Unknown,Tactile,27,14,5,46,,,,,,,,,
99,Mengmoda Honey,6/5/2022,Aflion,Tactile,26,15,5,46,,,,,,,,,
99,Kailh Canary,8/15/2021,Kailh,Tactile,25,16,5,46,,,,,,,,,
99,Pewters,5/22/2022,Durock/JWK,Tactile,27,14,5,46,,,,,,,,,
99,Novelia,1/17/2021,Kailh,Tactile,26,16,4,46,,,,,,,,,
99,Leobog Standard Brown,1/14/2024,SOAI,Tactile,26,16,4,46,,,,,,,,,
99,Tecsee Middle Switch Tactile,10/15/2023,Tecsee,Tactile,26,16,4,46,,,,,,,,,
109,Redragon Sapphire,11/6/2022,Haimu,Tactile,25,16,4,45,,,,,,,,,
109,Ethereal Panda,5/22/2022,Tecsee,Tactile,23,18,4,45,,,,,,,,,
109,G-Square Ram V2,9/8/2024,Grain Gold,Tactile,26,14,5,45,,,,,,,,,
112,Kailh Pro Purple (Plate Mount),1/16/2022,Kailh,Tactile,24,14,6,44,,,,,,,,,
112,Cream Tactile,10/31/2021,Kailh,Tactile,25,15,4,44,,,,,,,,,
112,Kailh Box Quicksand Gold,9/26/2021,Kailh,Tactile,23,17,4,44,,,,,,,,,
112,Gateron Beer,12/31/2023,Gateron,Tactile,25,15,4,44,,,,,,,,,
112,Attack Shark Blue Jelly,1/19/2025,Unknown,Tactile,24,16,4,44,,,,,,,,,
112,Tecsee Crystal Lemon,3/16/2025,Tecsee,Tactile,25,18,1,44,,,,,,,,,
118,NK x Kailh Speed Heavy Burnt Orange,3/26/2023,Kailh,Tactile,24,15,4,43,,,,,,,,,
118,Cherry Jailhouse Blue,10/9/2022,Cherry,Tactile,24,14,5,43,,,,,,,,,
118,Cotton Candy,3/6/2022,Durock/JWK,Tactile,24,14,5,43,,,,,,,,,
121,Crane,9/12/2021,Durock/JWK,Tactile,23,16,3,42,,,,,,,,,
121,Opgrey,3/26/2023,Durock/JWK,Tactile,25,13,4,42,,,,,,,,,
123,Mengmoda Holy Panda,10/21/2023,SOAI,Tactile,23,17,1,41,,,,,,,,,
124,Winkeyless.KR Zeal Clear,11/14/2021,Gateron,Tactile,24,11,4,39,,,,,,,,,
124,Cherry MX Brown (3 Pin),3/14/2021,Cherry,Tactile,21,14,4,39,,,,,,,,,
126,Glorious Mako Ultralight,10/20/2024,Outemu,Tactile,21,14,2,37,,,,,,,,,
127,Noppoo Brown,5/4/2025,KTT,Tactile,18,15,3,36,,,,,,,,,
127,Greetech OG Brown,12/7/2025,Greetech,Tactile,19,14,3,36,,,,,,,,,
129,Greetech Razer Orange,1/16/2022,Greetech,Tactile,19,13,3,35,,,,,,,,,
130,TTC Razer Dustproof Orange,10/9/2022,TTC,Tactile,16,14,4,34,,,,,,,,,
131,Everglide Jade Green V2,8/1/2021,Durock/JWK,Tactile,15,12,4,31,,,,,,,,,
,,,,,,,,,,,,,,,,,
AVG,AVERAGE OF ALL,,-,-,26.8,17.8,5.3,50.0,,,,,,,,,
 - SILENT LINEAR RANKINGS -,,,,,,,,,,,,,,,,,
Rank,Switch Name,Date,Manufacturer,Type,Push Feel,Wobble,Sound,"Timeless
Total",,,,,,,,,
1,TTC OG Rabbit,4/23/2023,TTC,Silent Linear,31,23,8,62,,,,,,,,,
2,LICHICX Lucy,10/21/2023,LICHICX,Silent Linear,33,18,9,60,,,,,,,,,
2,Chosfox Summer Lime,10/8/2023,Unknown,Silent Linear,30,23,7,60,,,,,,,,,
4,Bobagum (62g),1/16/2022,Outemu,Silent Linear,28,23,8,59,,,,,,,,,
4,Kinetic Labs Gecko,9/18/2022,Gateron,Silent Linear,28,23,8,59,,,,,,,,,
6,WEKT Lucy R5,3/15/2026,WEKT,Silent Linear,32,17,9,58,,,,,,,,,
7,Kailh Midnight Pro Grey,7/31/2022,Kailh,Silent Linear,29,21,7,57,,,,,,,,,
7,Seriko,8/15/2021,Durock/JWK,Silent Linear,29,21,7,57,,,,,,,,,
7,Outemu x XCJZ Dopamine,6/16/2024,Outemu,Silent Linear,29,21,7,57,,,,,,,,,
10,JWICK Semi Silent,11/13/2022,Durock/JWK,Silent Linear,28,19,8,55,,,,,,,,,
10,DK Creamery Cookie Dough,11/19/2023,KTT,Silent Linear,29,19,7,55,,,,,,,,,
10,Outemu Silent Peach V3,9/8/2024,Outemu,Silent Linear,28,21,6,55,,,,,,,,,
10,MZ Studio U3,8/17/2025,Jerrzi,Silent Linear,30,19,6,55,,,,,,,,,
14,Huano Kyubi Silent Linear,10/13/2024,Huano,Silent Linear,29,18,6,53,,,,,,,,,
14,LICHICX Yogurt,11/17/2024,LICHICX,Silent Linear,28,18,7,53,,,,,,,,,
16,IDOBAO Elf Linear-C1,6/25/2023,Kailh,Silent Linear,29,17,6,52,,,,,,,,,
16,Cherry MX Northern Light,4/17/2025,Cherry,Silent Linear,28,18,6,52,,,,,,,,,
18,Haimu Heartbeat,9/11/2022,Haimu,Silent Linear,27,17,7,51,,,,,,,,,
19,Jerrzi Cute Yellow,2/2/2025,Jerrzi,Silent Linear,28,16,6,50,,,,,,,,,
19,Gateron Genty Silent HE,5/4/2025,Gateron,Silent Linear,27,21,2,50,,,,,,,,,
21,Aiguox Dark Sakura Glass,1/5/2025,KTT,Silent Linear,26,18,5,49,,,,,,,,,
21,XCJZ x KTT Ice Orange Silent,3/22/2026,KTT,Silent Linear,26,18,5,49,,,,,,,,,
23,Haimu x Geon HG Silent Red,6/4/2023,Haimu,Silent Linear,26,16,6,48,,,,,,,,,
23,Healio,8/15/2021,Gateron,Silent Linear,26,16,6,48,,,,,,,,,
25,Outemu Silent Peach,3/20/2022,Outemu,Silent Linear,24,15,5,44,,,,,,,,,
26,Kailh Box Silent Pink,8/15/2021,Kailh,Silent Linear,21,16,6,43,,,,,,,,,
,,,,,,,,,,,,,,,,,
AVG,AVERAGE OF ALL,,-,-,28.0,18.9,6.5,53.5,,,,,,,,,
 - SILENT TACTILE RANKINGS -,,,,,,,,,,,,,,,,,
Rank,Switch Name,Date,Manufacturer,Type,Push Feel,Wobble,Sound,"Timeless
Total",,,,,,,,,
1,Gazzew U4 Boba 68g (Sample),8/1/2021,Outemu,Silent Tactile,28,24,9,61,,,,,,,,,
2,HMX Volume 0-T,12/20/2025,HMX,Silent Tactile,30,24,5,59,,,,,,,,,
3,Kailh Midnight Pro Light Yellow,7/31/2022,Kailh,Silent Tactile,28,21,8,57,,,,,,,,,
3,Keychron Silent Banana,7/6/2025,Outemu,Silent Tactile,29,19,9,57,,,,,,,,,
5,LICHICX Raw Small Tactile,1/14/2024,LICHICX,Silent Tactile,28,22,6,56,,,,,,,,,
6,Kailh Deep Sea Silent Pro Whale,9/3/2023,Kailh,Silent Tactile,27,21,7,55,,,,,,,,,
7,Red Velvet,8/4/2024,KTT,Silent Tactile,29,16,8,53,,,,,,,,,
7,Outemu Silent Lemon V3,9/8/2024,Outemu,Silent Tactile,26,21,6,53,,,,,,,,,
9,Invokeys x Alas Daydreamer,11/26/2023,LICHICX,Silent Tactile,26,18,7,51,,,,,,,,,
9,JKDK Crimson,11/5/2023,LICHICX,Silent Tactile,26,18,7,51,,,,,,,,,
9,KTT ZenCha,3/22/2026,KTT,Silent Tactile,25,22,4,51,,,,,,,,,
12,TTC Peanut Latte,9/22/2024,TTC,Silent Tactile,27,17,6,50,,,,,,,,,
13,IDOBAO Elf Tactile-T1,6/25/2023,Kailh,Silent Tactile,27,17,5,49,,,,,,,,,
13,Glorious Panda Silent,11/17/2024,Outemu,Silent Tactile,26,17,6,49,,,,,,,,,
15,Kinetic Labs Turtle,2/23/2025,Haimu,Silent Tactile,27,16,5,48,,,,,,,,,
16,Kailh Box Silent Brown,8/15/2021,Kailh,Silent Tactile,24,17,6,47,,,,,,,,,
17,Cherry MX Honey,9/25/2025,Cherry,Silent Tactile,25,18,3,46,,,,,,,,,
18,Haimu Whisper,9/11/2022,Haimu,Silent Tactile,27,14,4,45,,,,,,,,,
19,Aliaz (80g),9/12/2021,Gateron,Silent Tactile,24,14,4,42,,,,,,,,,
,,,,,,,,,,,,,,,,,
AVG,AVERAGE OF ALL,,-,-,26.8,18.7,6.1,51.6,,,,,,,,,
 - CLICKY RANKINGS -,,,,,,,,,,,,,,,,,
Rank,Switch Name,Date,Manufacturer,Type,Push Feel,Wobble,Sound,"Timeless
Total",,,,,,,,,
1,Gateron Melodic,2/4/2024,Gateron,Clicky,31,19,9,59,,,,,,,,,
2,Zeal Clickiez 75g. (Clicky),7/10/2022,Gateron,Clicky,29,19,9,57,,,,,,,,,
2,Gateron Harmonic,2/8/2026,Gateron,Clicky,29,19,9,57,,,,,,,,,
4,Novelkeys Cream Clickie,1/12/2023,Kailh,Clicky,31,15,8,54,,,,,,,,,
4,Kailh Box Navy,8/1/2021,Kailh,Clicky,29,16,9,54,,,,,,,,,
4,Kailh Choc Autumn,1/5/2025,Kailh,Clicky,29,17,8,54,,,,,,,,,
7,Kailh Box Jade,8/1/2021,Kailh,Clicky,28,16,9,53,,,,,,,,,
7,Kailh Choc Summer,1/5/2025,Kailh,Clicky,29,17,7,53,,,,,,,,,
9,Kailh Autumn,4/9/2023,Kailh,Clicky,28,16,8,52,,,,,,,,,
10,TKC Blackberry,9/7/2022,Tecsee,Clicky,28,16,7,51,,,,,,,,,
10,TTC Brother,1/16/2022,TTC,Clicky,27,17,7,51,,,,,,,,,
10,Outemu Clear,3/26/2023,Outemu,Clicky,24,22,5,51,,,,,,,,,
10,Pea Flower,9/22/2024,BSUN,Clicky,25,21,5,51,,,,,,,,,
14,Akko Creamy Cyan,4/6/2025,Outemu,Clicky,25,21,4,50,,,,,,,,,
15,NK x Kailh Speed Heavy Pale Blue,3/26/2023,Kailh,Clicky,27,15,7,49,,,,,,,,,
15,Leobog Ice Blue,11/19/2023,SOAI,Clicky,23,23,3,49,,,,,,,,,
17,KTT Purple Sauce,6/11/2023,KTT,Clicky,27,16,5,48,,,,,,,,,
17,Varmilo Ivy L,12/22/2024,LICHICX,Clicky,27,16,5,48,,,,,,,,,
19,Kailh Box Mute Jade,2/6/2022,Kailh,Clicky,26,17,4,47,,,,,,,,,
19,TTC L Series Blue,2/25/2024,TTC,Clicky,24,18,5,47,,,,,,,,,
19,Kailh Box Sky Blue,9/26/2021,Kailh,Clicky,25,17,5,47,,,,,,,,,
22,XCJZ Jerrzi Lotus Stem,10/21/2023,Jerrzi,Clicky,25,16,5,46,,,,,,,,,
22,Varmilo Ivy L,10/13/2024,LICHICX,Clicky,25,17,4,46,,,,,,,,,
22,Jerrzi Blue,12/15/2024,Jerrzi,Clicky,26,16,4,46,,,,,,,,,
25,KTT Gold,5/22/2022,KTT,Clicky,24,14,6,44,,,,,,,,,
25,AULA Blue,5/4/2025,SOAI,Clicky,23,18,3,44,,,,,,,,,
27,Cherry MX2A RGB Blue (3 Pin),9/3/2023,Cherry,Clicky,22,17,4,43,,,,,,,,,
27,TTC x Helix Lab Skylar,3/26/2023,TTC,Clicky,23,15,5,43,,,,,,,,,
27,Content Blue (Black Bottom),5/5/2024,KTT,Clicky,22,17,4,43,,,,,,,,,
27,Outemu Dustproof Teal,10/9/2022,Outemu,Clicky,22,17,4,43,,,,,,,,,
27,Zoch Flame Shadow,7/6/2025,KTT,Clicky,25,15,3,43,,,,,,,,,
32,Huano Clicky White,10/8/2023,Huano,Clicky,22,15,4,41,,,,,,,,,
33,Kailh Pro Light Green (Plate Mount),1/16/2022,Kailh,Clicky,22,14,4,40,,,,,,,,,
33,LCET Blue and Purple,4/9/2023,Unknown,Clicky,22,14,4,40,,,,,,,,,
33,Gateron Ink Blue V1,8/15/2021,Gateron,Clicky,21,15,4,40,,,,,,,,,
36,TTC Razer Dustproof Green,10/9/2022,TTC,Clicky,19,14,3,36,,,,,,,,,
37,Greetech Razer Green,1/16/2022,Greetech,Clicky,17,13,3,33,,,,,,,,,
38,TTC Orange Clicky,10/8/2023,TTC,Clicky,14,13,2,29,,,,,,,,,
38,OArmy Green,10/9/2022,Greetech,Clicky,14,12,3,29,,,,,,,,,
,,,,,,,,,,,,,,,,,
AVG,AVERAGE OF ALL,,-,-,24.6,16.5,5.3,46.4,,,,,,,,,
,,,,,,,,,,,,,,,,,
,,,,,,,,,,,,,,,,,
,,,,,,,,,,,,,,,,,
,,,,,,,,,,,,,,,,,
,,,,,,,,,,,,,,,,,
,,,,,,,,,,,,,,,,,
,,,,,,,,,,,,,,,,,
,,,,,,,,,,,,,,,,,
