,ThereminGoat's Master Score Sheet,,,,,9/20/2026,,"Total
Scored",466,"Total
Collected",4241,,,,,,,,,,,,
,,,,,,,,,,,,,,,,,,,,,,,
,,,,,,,,,,,,,,,,,,,,,,,
 - TOTAL RANKINGS -,,,,,,,,,,,,,,- MANUFACTURER STATISTICS -,,,,,,,,,
Rank,Switch Name,Date,Manufacturer,Type,Push Feel,Wobble,Sound,Context,Other,"Timeless
Total","Time Wtd. 
Total",,,Rank,Manufacturer Name,Switches Tested,Push Feel,Wobble,Sound,Context,Other,"Timeless
Total","Avg Time 
Wtd. Total"
1,Gateron G Pro 3.0 Yellow,8/6/2023,Gateron,Linear,31,21,7,18,9,86,82.9,,,1,WEKT,2,31.5,17.0,8.5,14.5,5.5,77.0,76.7
2,U4T (62g),3/26/2023,Outemu,Tactile,32,23,8,15,8,86,82.6,,,2,SWK,2,29.5,23.5,7.0,13.5,5.0,78.5,76.1
3,AEBoards Naevy EC,3/9/2025,Tecsee,Tactile,29,24,6,15,10,84,82.5,,,3,Keygeek,9,29.1,20.9,6.9,12.9,5.9,75.7,74.7
4,Alpaca V2,12/6/2020,Durock/JWK,Linear,32,22,9,16,8,87,81.3,,,4,Wingtree,10,29.0,20.4,6.7,13.2,5.6,74.9,74.7
5,Akko Mirror,11/24/2024,HMX,Linear,31,23,7,16,6,83,81.2,,,5,K2,1,33.0,18.0,10.0,6.0,9.0,76.0,74.6
6,Gateron Lanes,9/14/2025,Gateron,Tactile,32,18,6,17,9,82,81.0,,,6,HMX,20,28.2,21.8,5.7,13.2,5.7,74.5,73.6
7,TTC Neptune,4/23/2023,TTC,Linear,31,23,8,15,7,84,80.6,,,7,Co-Gain/XUDA,1,27.0,24.0,4.0,13.0,5.0,73.0,72.2
8,Gateron Melodic,2/4/2024,Gateron,Clicky,31,19,9,15,9,83,80.4,,,8,Momoka,2,28.5,18.5,6.0,16.0,7.5,76.5,71.8
9,HMX Volume 0-T,12/20/2025,HMX,Silent Tactile,30,24,5,15,7,81,80.3,,,9,Aflion,8,27.9,19.6,6.4,14.4,6.1,74.4,70.6
10,LICHICX Lucy,10/21/2023,LICHICX,Silent Linear,33,18,9,15,8,83,80.1,,,10,BSUN,20,28.2,18.2,6.1,12.8,5.4,70.6,68.5
11,Hojicha Reserve,9/15/2024,BSUN,Tactile,30,21,7,16,8,82,80.0,,,11,Grain Gold,5,27.6,19.2,5.0,12.4,5.6,69.8,68.4
12,Gazzew U4 Boba 68g (Sample),8/1/2021,Outemu,Silent Tactile,28,24,9,15,9,85,79.9,,,12,Outemu,19,26.8,19.6,5.7,13.2,5.6,70.9,68.3
12,Keygeek Athena,7/13/2025,Keygeek,Linear,32,21,8,14,6,81,79.9,,,13,LICHICX,9,27.6,18.7,6.2,12.1,5.9,70.4,68.2
14,Huano Caramel Latte,6/23/2024,Huano,Linear,31,20,9,14,8,82,79.8,,,14,Haimu,15,27.5,17.5,5.8,13.4,6.0,70.2,67.5
15,Taro N Sweet Potato V2,4/19/2026,BSUN,Linear,31,22,8,14,5,80,79.6,,,15,Gateron,70,27.7,17.7,5.8,13.1,5.9,70.3,66.8
15,Ball Bearing Blue,3/24/2024,Unknown,Linear,31,25,8,9,9,82,79.6,,,16,SP Star,6,27.7,16.7,6.5,13.2,6.3,70.3,65.8
17,Everglide V3 'Water King' (60g),2/28/2020,Durock/JWK,Linear,32,24,7,15,8,86,79.5,,,17,Cherry,16,26.2,16.9,5.0,13.3,6.3,67.7,65.2
18,Wingtree 277,1/11/2026,Wingtree,Linear,28,24,7,15,6,80,79.4,,,18,Jerrzi,7,27.4,17.7,5.6,10.9,5.6,67.1,65.1
19,Geon Raw HE,12/15/2024,Grain Gold,Linear,28,24,6,15,8,81,79.3,,,19,KTT,32,26.7,17.7,5.5,12.9,5.6,68.3,65.1
20,Invokeys Black Sesame,10/2/2022,Aflion,Linear,32,20,7,17,7,83,79.1,,,20,Huano,16,26.8,17.1,5.8,12.8,6.0,68.4,65.0
21,Novelkeys Classic Blue,8/10/2025,Unknown,Linear,28,24,6,17,5,80,78.9,,,21,Kailh,47,26.7,16.9,5.7,12.4,6.4,68.1,64.5
22,Keychron Silent Banana,7/6/2025,Outemu,Silent Tactile,29,19,9,17,6,80,78.8,,,22,Tecsee,30,27.0,16.8,5.8,12.4,6.2,68.1,64.0
22,Gravastar UFO Purple,6/7/2026,Unknown,Linear,30,22,7,10,10,79,78.8,,,23,Durock/JWK,55,26.7,17.4,5.3,12.3,6.1,67.7,63.3
24,Gateron Speed Silver Pro,5/28/2021,Gateron,Linear,31,21,9,15,8,84,78.7,,,24,TTC,19,25.6,17.6,5.3,11.5,5.6,65.6,62.7
25,Wingtree BM11,4/12/2026,Wingtree,Tactile,29,24,7,13,6,79,78.6,,,25,SOAI,9,25.4,19.2,4.4,9.8,5.0,63.9,61.5
26,Keebz n Cables x HMX Ice Cendol,3/2/2025,HMX,Linear,29,23,7,15,6,80,78.5,,,26,Yusya,1,25.0,15.0,4.0,8.0,3.0,55.0,53.8
27,Sillyworks x Gateron Type R,1/12/2025,Gateron,Tactile,31,18,8,14,9,80,78.4,,,27,Greetech,8,22.5,15.1,4.3,8.0,4.4,54.3,51.6
28,Keygeek Oat,11/10/2024,Keygeek,Linear,30,21,8,15,6,80,78.2,,,28,Meirun,2,21.5,16.5,3.0,8.0,4.5,53.5,51.0
29,Gateron Longjing Tea,7/6/2025,Gateron,Tactile,29,23,6,15,6,79,77.8,,,,,,,,,,,,
30,Wingtree Pink Pink,5/17/2026,Wingtree,Silent Linear,33,17,9,14,5,78,77.7,,,,,,,,,,,,
30,Raptor MX Extreme,5/12/2024,HMX,Linear,30,23,7,15,5,80,77.7,,,,,,,,,,,,
32,TTC OG Rabbit,4/23/2023,TTC,Silent Linear,31,23,8,11,8,81,77.6,,,,,,,,,,,,
33,WEKT Lucy R5,3/15/2026,WEKT,Silent Linear,32,17,9,15,5,78,77.5,,,,,,,,,,,,
34,Bobagum (62g),1/16/2022,Outemu,Silent Linear,28,23,8,15,8,82,77.4,,,,,,,,,,,,
35,Cherry MX 'New Nixie' (Black Clear-Top),12/4/2022,Cherry,Linear,27,20,6,18,10,81,77.3,,,,,,,,,,,,
36,Keygeek Raspberry,10/13/2024,Keygeek,Linear,29,25,6,14,5,79,77.1,,,,,,,,,,,,
36,Chosfox Summer Lime,10/8/2023,Unknown,Silent Linear,30,23,7,14,6,80,77.1,,,,,,,,,,,,
36,Everfree Cedar,9/22/2024,Gateron,Linear,30,19,7,16,7,79,77.1,,,,,,,,,,,,
39,SWK Ripple,9/1/2024,SWK,Linear,30,23,7,14,5,79,77.0,,,,,,,,,,,,
39,Wingtree x LICHICX Orange,9/20/2026,Wingtree,Silent Tactile,30,22,7,12,6,77,77.0,,,,,,,,,,,,
41,Zeal Clickiez 75g. (Clicky),7/10/2022,Gateron,Clicky,29,19,9,15,9,81,76.8,,,,,,,,,,,,
42,Gateron Magnetic Green Dragon HE,6/1/2025,Gateron,Linear,31,21,9,11,6,78,76.7,,,,,,,,,,,,
43,Penguins,3/26/2023,Durock/JWK,Tactile,27,22,6,17,8,80,76.6,,,,,,,,,,,,
44,Wuque Studio Morandi,3/19/2023,Haimu,Linear,31,19,8,14,8,80,76.5,,,,,,,,,,,,
45,Caramel Chocolate (Lubed),12/31/2023,LICHICX,Linear,29,22,7,15,6,79,76.3,,,,,,,,,,,,
46,HMX WJBY Su Color,11/17/2024,HMX,Linear,30,22,8,12,6,78,76.2,,,,,,,,,,,,
46,Keyfirst Bling Blue,11/5/2023,Haimu,Linear,32,21,8,10,8,79,76.2,,,,,,,,,,,,
48,Kinetic Labs Gecko,9/18/2022,Gateron,Silent Linear,28,23,8,15,6,80,76.0,,,,,,,,,,,,
48,Keygeek Y2 (20mm/45g),8/24/2025,Keygeek,Linear,29,18,8,14,8,77,76.0,,,,,,,,,,,,
50,HMX Egg Yolk,7/12/2026,HMX,Linear,29,19,6,14,8,76,75.9,,,,,,,,,,,,
50,Wingtree Jadeite,7/12/2026,Wingtree,Linear,28,24,6,13,5,76,75.9,,,,,,,,,,,,
52,WEKT Nafu,6/28/2026,WEKT,Silent Linear,31,17,8,14,6,76,75.8,,,,,,,,,,,,
53,Wingtree x LICHICX Yamatake,5/10/2026,Wingtree,Silent Tactile,30,17,8,14,7,76,75.7,,,,,,,,,,,,
54,Wingtree Coral,4/26/2026,Wingtree,Linear,29,22,7,13,5,76,75.6,,,,,,,,,,,,
54,Keygeek Full Nylon,4/26/2026,Keygeek,Linear,29,23,7,10,7,76,75.6,,,,,,,,,,,,
56,BSUN Golden Apple,3/1/2026,BSUN,Tactile,30,21,9,10,6,76,75.5,,,,,,,,,,,,
57,Gateron Harmonic,2/8/2026,Gateron,Clicky,29,19,9,13,6,76,75.4,,,,,,,,,,,,
57,Cookies n' Cream,1/29/2024,KTT,Tactile,28,22,5,16,7,78,75.4,,,,,,,,,,,,
57,Novelkeys Cream Clickie,1/12/2023,Kailh,Clicky,31,15,8,15,10,79,75.4,,,,,,,,,,,,
57,Invokeys Matcha Latte,1/9/2022,Aflion,Linear,29,20,8,17,6,80,75.4,,,,,,,,,,,,
61,SWK Jieum V2,12/3/2023,SWK,Linear,29,24,7,13,5,78,75.2,,,,,,,,,,,,
61,DK Creamery Cookie Dough,11/19/2023,KTT,Silent Linear,29,19,7,16,7,78,75.2,,,,,,,,,,,,
61,JWICK Semi Silent,11/13/2022,Durock/JWK,Silent Linear,28,19,8,15,9,79,75.2,,,,,,,,,,,,
61,Nixie Black,11/7/2020,Cherry,Linear,29,21,8,14,9,81,75.2,,,,,,,,,,,,
65,Keygeek VC,8/17/2025,Keygeek,Linear,30,22,6,13,5,76,75.0,,,,,,,,,,,,
66,Kailh Midnight Pro Grey,7/31/2022,Kailh,Silent Linear,29,21,7,15,7,79,74.9,,,,,,,,,,,,
66,Kailh Midnight Pro Light Yellow,7/31/2022,Kailh,Silent Tactile,28,21,8,15,7,79,74.9,,,,,,,,,,,,
66,Unionwell Xueyao,7/26/2026,Greetech,Linear,32,21,7,10,5,75,74.9,,,,,,,,,,,,
69,Wuque Light Tactile,6/16/2024,Haimu,Tactile,29,18,8,16,6,77,74.8,,,,,,,,,,,,
69,WS Arowana Red,6/8/2025,HMX,Linear,28,23,6,14,5,76,74.8,,,,,,,,,,,,
71,Akko Cilantro,5/18/2025,HMX,Tactile,28,23,5,15,5,76,74.7,,,,,,,,,,,,
72,WS Flux HE,4/27/2025,K2,Linear,33,18,10,6,9,76,74.6,,,,,,,,,,,,
73,HMX Firecracker,11/2/2025,HMX,Tactile,28,23,5,12,7,75,74.2,,,,,,,,,,,,
74,Moyu Studio x XCJZ Snow Grape,9/17/2023,Unknown,Linear,30,19,9,14,5,77,74.0,,,,,,,,,,,,
74,Outemu Silent Peach V3,9/8/2024,Outemu,Silent Linear,28,21,6,15,6,76,74.0,,,,,,,,,,,,
74,Invokeys Blueberry Chiffon,8/21/2022,Aflion,Tactile,28,20,6,17,7,78,74.0,,,,,,,,,,,,
77,Red Velvet,8/4/2024,KTT,Silent Tactile,29,16,8,17,6,76,73.9,,,,,,,,,,,,
77,C3 Kiwi,8/1/2021,Durock/JWK,Tactile,29,19,8,15,8,79,73.9,,,,,,,,,,,,
77,Everglide Magneto UE,7/20/2025,Grain Gold,Linear,29,24,4,13,5,75,73.9,,,,,,,,,,,,
80,Zeal Clickiez 75g. (Tactile),7/10/2022,Gateron,Tactile,28,20,7,15,8,78,73.8,,,,,,,,,,,,
80,Kailh Box Luna,7/6/2025,Kailh,Linear,28,24,6,9,8,75,73.8,,,,,,,,,,,,
80,Gateron X V3,6/28/2025,Gateron,Linear,28,17,5,16,9,75,73.8,,,,,,,,,,,,
83,TTC Tiger,5/15/2022,TTC,Linear,29,22,5,14,8,78,73.7,,,,,,,,,,,,
83,Tecsee Purple Panda,5/9/2021,Tecsee,Tactile,29,22,8,14,6,79,73.7,,,,,,,,,,,,
85,SP Star Magic Girl (Classic),3/26/2023,SP Star,Tactile,30,17,8,16,6,77,73.6,,,,,,,,,,,,
86,HMX Black Cat,2/22/2026,HMX,Tactile,29,19,7,14,5,74,73.5,,,,,,,,,,,,
87,KTT Strawberry,1/30/2021,KTT,Linear,30,20,8,15,6,79,73.4,,,,,,,,,,,,
87,Gateron Oil King,1/23/2022,Gateron,Linear,30,19,7,15,7,78,73.4,,,,,,,,,,,,
87,HMX Frog,1/18/2026,HMX,Tactile,29,23,5,12,5,74,73.4,,,,,,,,,,,,
90,Huano Kyubi Silent Linear,10/13/2024,Huano,Silent Linear,29,18,6,15,7,75,73.1,,,,,,,,,,,,
90,BSUN Peach Mellow,9/21/2025,BSUN,Tactile,29,19,7,13,6,74,73.1,,,,,,,,,,,,
92,Durock Sea Glass,9/3/2023,Durock/JWK,Linear,30,17,7,15,7,76,73.0,,,,,,,,,,,,
93,JWICK Ginger Milk,8/14/2022,Durock/JWK,Linear,28,21,6,14,8,77,72.9,,,,,,,,,,,,
93,Harimau,8/8/2021,Durock/JWK,Tactile,30,19,6,16,7,78,72.9,,,,,,,,,,,,
93,Haimu Frost Crystal,7/26/2026,Haimu,Tactile,29,21,4,13,6,73,72.9,,,,,,,,,,,,
96,Momoka Frog V3,6/12/2021,Momoka,Linear,28,19,6,17,8,78,72.8,,,,,,,,,,,,
97,Gateron Pro Yellow,5/28/2021,Gateron,Linear,27,21,7,15,8,78,72.7,,,,,,,,,,,,
97,Geon Lucifer HE,5/4/2025,Grain Gold,Linear,29,17,7,14,7,74,72.7,,,,,,,,,,,,
97,Shortcut Studio SC,5/4/2025,HMX,Linear,27,22,6,14,5,74,72.7,,,,,,,,,,,,
100,HMX Hydra,4/12/2026,HMX,Tactile,28,22,5,13,5,73,72.6,,,,,,,,,,,,
100,HMX Valerian,4/5/2026,HMX,Tactile,29,19,6,13,6,73,72.6,,,,,,,,,,,,
100,Wuque Studio Onion,3/27/2022,Durock/JWK,Linear,30,18,6,15,8,77,72.6,,,,,,,,,,,,
103,Kailh Christmas Tree,3/13/2022,Kailh,Linear,30,18,8,12,9,77,72.5,,,,,,,,,,,,
103,Gateron Lunar Probe,2/25/2024,Gateron,Linear,31,16,8,14,6,75,72.5,,,,,,,,,,,,
105,MODE Tomorrow,1/15/2023,Outemu,Tactile,28,20,6,16,6,76,72.4,,,,,,,,,,,,
105,LICHICX Raw Small Tactile,1/14/2024,LICHICX,Silent Tactile,28,22,6,12,7,75,72.4,,,,,,,,,,,,
105,HMX Snowfall,1/11/2026,HMX,Tactile,26,23,5,13,6,73,72.4,,,,,,,,,,,,
108,Novelkeys Cream+ (Copper Insert),1/1/2023,Kailh,Linear,28,18,7,15,8,76,72.3,,,,,,,,,,,,
109,Akko Bittersweet,11/30/2025,Outemu,Tactile,28,20,5,15,5,73,72.2,,,,,,,,,,,,
109,Wingtree Yuci HE,11/30/2025,Co-Gain/XUDA,Linear,27,24,4,13,5,73,72.2,,,,,,,,,,,,
111,Invokeys Goji Reserve,10/26/2025,BSUN,Tactile,29,17,5,16,6,73,72.1,,,,,,,,,,,,
111,Pea Flower,9/22/2024,BSUN,Clicky,25,21,5,15,8,74,72.1,,,,,,,,,,,,
111,SW Cocoblack,9/21/2025,Durock/JWK,Linear,27,22,8,12,4,73,72.1,,,,,,,,,,,,
114,Outemu Silent Lemon V3,9/8/2024,Outemu,Silent Tactile,26,21,6,15,6,74,72.0,,,,,,,,,,,,
114,Akko Flash Magnetic,8/9/2026,Outemu,Linear,28,20,4,15,5,72,72.0,,,,,,,,,,,,
114,Akko Creamy Yellow U1,8/16/2026,Huano,Linear,28,18,6,16,4,72,72.0,,,,,,,,,,,,
117,Gateron Vermilion Bird,8/15/2021,Gateron,Linear,30,17,8,15,7,77,71.9,,,,,,,,,,,,
117,Kailh Prestige Delighted,8/11/2024,Kailh,Linear,29,16,8,13,8,74,71.9,,,,,,,,,,,,
117,Kailh Box Navy,8/1/2021,Kailh,Clicky,29,16,9,16,7,77,71.9,,,,,,,,,,,,
117,CK x Haimu Pastel Thistle,7/23/2023,Haimu,Tactile,29,18,5,16,7,75,71.9,,,,,,,,,,,,
121,HMX Yogurt S (37g),6/28/2026,HMX,Linear,28,21,5,12,6,72,71.8,,,,,,,,,,,,
122,Jerrzi Poseidon,5/5/2024,Jerrzi,Linear,28,22,5,11,8,74,71.7,,,,,,,,,,,,
123,Naevy V1.5,4/18/2021,Tecsee,Tactile,29,17,8,16,7,77,71.6,,,,,,,,,,,,
123,Keygeek Cera X (48g),4/12/2026,Keygeek,Linear,28,21,7,11,5,72,71.6,,,,,,,,,,,,
123,NuPhy Lemon,4/6/2025,Gateron,Tactile,28,18,6,15,6,73,71.6,,,,,,,,,,,,
126,Aflion Thunder Shadow,3/17/2024,Aflion,Tactile,26,22,7,14,5,74,71.5,,,,,,,,,,,,
126,Leobog Wing Chun Magnetic,3/16/2025,SOAI,Linear,29,23,8,8,5,73,71.5,,,,,,,,,,,,
126,NK Silk Mictlan,3/5/2023,Durock/JWK,Linear,29,17,6,16,7,75,71.5,,,,,,,,,,,,
126,Holy Panda X,3/1/2022,Gateron,Tactile,31,23,5,13,4,76,71.5,,,,,,,,,,,,
130,Kailh Choc Autumn,1/5/2025,Kailh,Clicky,29,17,8,13,6,73,71.3,,,,,,,,,,,,
130,Durock POM Linear (Sample),12/20/2020,Durock/JWK,Linear,29,22,6,13,7,77,71.3,,,,,,,,,,,,
130,Unionwell Polar Magnetic Pro+,12/14/2025,Greetech,Linear,30,21,6,9,6,72,71.3,,,,,,,,,,,,
133,Gateron X Yellow,11/7/2021,Gateron,Linear,28,17,7,17,7,76,71.2,,,,,,,,,,,,
133,EMT V2,10/30/2022,Haimu,Linear,29,18,8,13,7,75,71.2,,,,,,,,,,,,
135,Gateron Box Ink Black,10/24/2021,Gateron,Linear,29,18,8,15,6,76,71.1,,,,,,,,,,,,
135,Gateron Cream Soda,10/23/2022,Gateron,Linear,29,18,7,14,7,75,71.1,,,,,,,,,,,,
135,Gateron Box Ink Pink,10/16/2021,Gateron,Linear,29,19,7,15,6,76,71.1,,,,,,,,,,,,
135,Ajazz x Huano Kiwi,10/10/2021,Huano,Tactile,30,16,6,15,9,76,71.1,,,,,,,,,,,,
135,Cherry MX Falcon,10/5/2025,Cherry,Tactile,29,18,5,14,6,72,71.1,,,,,,,,,,,,
140,TKC Blackberry,9/7/2022,Tecsee,Clicky,28,16,7,15,9,75,71.0,,,,,,,,,,,,
140,Kailh Deep Sea Silent Pro Whale,9/3/2023,Kailh,Silent Tactile,27,21,7,13,6,74,71.0,,,,,,,,,,,,
140,MZ Studio U3,8/17/2025,Jerrzi,Silent Linear,30,19,6,11,6,72,71.0,,,,,,,,,,,,
140,TTC Brother V2,8/1/2026,TTC,Clicky,30,17,7,12,5,71,71.0,,,,,,,,,,,,
140,Kailh Xuan,8/30/2026,Kailh,Tactile,29,19,4,11,8,71,71.0,,,,,,,,,,,,
140,Gateron Icey Spring,9/20/2026,Gateron,Linear,29,20,5,11,6,71,71.0,,,,,,,,,,,,
146,Kailh Box Jade,8/1/2021,Kailh,Clicky,28,16,9,16,7,76,70.9,,,,,,,,,,,,
147,Tecsee Ice Milk Tactile,6/19/2022,Tecsee,Tactile,29,18,6,15,7,75,70.8,,,,,,,,,,,,
147,Momoka Shark,6/12/2022,Momoka,Tactile,29,18,6,15,7,75,70.8,,,,,,,,,,,,
147,Blueberry Swirl,6/4/2023,KTT,Linear,27,19,6,15,7,74,70.8,,,,,,,,,,,,
150,Hoshizora,5/22/2022,Durock/JWK,Linear,29,21,5,13,7,75,70.7,,,,,,,,,,,,
150,Everfree Grayish Tactile,4/28/2024,Gateron,Tactile,27,18,5,16,7,73,70.7,,,,,,,,,,,,
152,Cherry MX Northern Light,4/17/2025,Cherry,Silent Linear,28,18,6,13,7,72,70.6,,,,,,,,,,,,
152,Aflion Black and Orange,4/17/2022,Aflion,Tactile,28,23,7,11,6,75,70.6,,,,,,,,,,,,
152,TTC Speed Gold V2,4/6/2025,TTC,Linear,29,21,7,10,5,72,70.6,,,,,,,,,,,,
155,Akko CS Rose Red,3/21/2021,KTT,Linear,29,19,5,16,7,76,70.5,,,,,,,,,,,,
156,BSUN Agarwood,2/9/2025,BSUN,Linear,30,16,8,13,5,72,70.4,,,,,,,,,,,,
156,Gateron Full POM Banana Smoothie,2/8/2026,Gateron,Tactile,27,21,5,13,5,71,70.4,,,,,,,,,,,,
158,Kailh Choc Summer,1/5/2025,Kailh,Clicky,29,17,7,13,6,72,70.3,,,,,,,,,,,,
158,Novelkeys Cream+ (Titanium Insert),1/1/2023,Kailh,Linear,27,18,6,15,8,74,70.3,,,,,,,,,,,,
158,Invokeys Purple Rice,12/17/2023,BSUN,Linear,28,19,6,14,6,73,70.3,,,,,,,,,,,,
161,Zealio V1 Redux (62g),11/28/2021,Gateron,Tactile,29,19,6,15,6,75,70.2,,,,,,,,,,,,
161,KTT Wine Red Pro,11/2/2025,KTT,Linear,28,18,6,13,6,71,70.2,,,,,,,,,,,,
163,Diamond Avalon,10/1/2023,Unknown,Linear,26,19,5,15,8,73,70.1,,,,,,,,,,,,
164,Ajazz x Huano Banana,9/19/2021,Huano,Tactile,30,16,7,15,7,75,70.0,,,,,,,,,,,,
164,Keychron x Gateron Aurora,9/8/2024,Gateron,Linear,28,17,5,15,7,72,70.0,,,,,,,,,,,,
164,Keygeek Sunflower,9/7/2025,Keygeek,Linear,29,19,6,12,5,71,70.0,,,,,,,,,,,,
164,Wingtree Torrero,9/6/2026,Wingtree,Tactile,27,18,5,14,6,70,70.0,,,,,,,,,,,,
168,Seriko,8/15/2021,Durock/JWK,Silent Linear,29,21,7,11,7,75,69.9,,,,,,,,,,,,
168,Quartz,8/1/2021,Durock/JWK,Linear,30,21,5,13,6,75,69.9,,,,,,,,,,,,
170,Huano Fi,7/2/2023,Huano,Linear,28,18,6,13,8,73,69.8,,,,,,,,,,,,
171,Chosfox Hanami Dango Green,5/21/2023,Durock/JWK,Tactile,25,23,5,14,6,73,69.7,,,,,,,,,,,,
171,Neapolitan Ice Creams,5/2/2021,Tecsee,Tactile,30,14,7,16,8,75,69.7,,,,,,,,,,,,
173,Kailh Autumn,4/9/2023,Kailh,Clicky,28,16,8,14,7,73,69.6,,,,,,,,,,,,
173,Tecsee Sapphire,3/26/2023,Tecsee,Tactile,30,17,7,11,8,73,69.6,,,,,,,,,,,,
175,"TTC Magneto, King of Magnets POM",3/16/2025,TTC,Linear,28,22,5,10,6,71,69.5,,,,,,,,,,,,
175,Obsidian Pro,2/20/2022,Durock/JWK,Linear,30,16,7,14,7,74,69.5,,,,,,,,,,,,
177,Gateron Magnetic Jade Delta Dark,2/1/2026,Gateron,Linear,30,19,8,8,5,70,69.4,,,,,,,,,,,,
177,HMX Longjing S,1/11/2026,HMX,Tactile,25,21,5,14,5,70,69.4,,,,,,,,,,,,
179,Lavenders,1/2/2020,Durock/JWK,Linear,29,20,7,13,7,76,69.3,,,,,,,,,,,,
179,Novelkeys Cream+ (No Insert),1/1/2023,Kailh,Linear,26,18,6,15,8,73,69.3,,,,,,,,,,,,
179,Keychron Super Banana,12/22/2024,Unknown,Tactile,26,22,3,16,4,71,69.3,,,,,,,,,,,,
179,Zaku II,12/10/2023,Tecsee,Tactile,28,17,6,15,6,72,69.3,,,,,,,,,,,,
179,Gateron SolDark,12/5/2021,Gateron,Tactile,29,16,5,16,8,74,69.3,,,,,,,,,,,,
184,Ice Kachang (Unlubed),11/5/2023,Aflion,Tactile,27,20,6,13,6,72,69.2,,,,,,,,,,,,
185,Ajazz x Huano Peach,9/26/2021,Huano,Linear,29,16,7,15,7,74,69.1,,,,,,,,,,,,
185,JKDK x XCJZ Hillstone,9/24/2023,BSUN,Tactile,28,18,7,13,6,72,69.1,,,,,,,,,,,,
187,Haimu Heartbeat,9/11/2022,Haimu,Silent Linear,27,17,7,15,7,73,69.0,,,,,,,,,,,,
187,TTC Wild (42g.),9/5/2021,TTC,Linear,29,18,5,14,8,74,69.0,,,,,,,,,,,,
187,KTT Mallo,8/29/2021,KTT,Tactile,30,16,6,15,7,74,69.0,,,,,,,,,,,,
187,Haimu Orchid Mantis,9/6/2026,Haimu,Silent Tactile,27,17,6,14,5,69,69.0,,,,,,,,,,,,
187,"Wingtree Nezuko (Dry, 55g)",9/20/2026,Wingtree,Linear,28,18,5,12,6,69,69.0,,,,,,,,,,,,
192,JWICK Taro,8/14/2022,Durock/JWK,Tactile,26,20,5,14,8,73,68.9,,,,,,,,,,,,
193,Outemu x XCJZ Dopamine,6/16/2024,Outemu,Silent Linear,29,21,7,9,5,71,68.8,,,,,,,,,,,,
194,Sillyworks x HMX Waverider V2,5/3/2026,HMX,Tactile,26,23,4,12,4,69,68.7,,,,,,,,,,,,
195,Raed,4/25/2021,Tecsee,Linear,27,17,7,16,7,74,68.6,,,,,,,,,,,,
196,Leobog Interstellar,3/16/2025,SOAI,Tactile,26,21,6,11,6,70,68.5,,,,,,,,,,,,
196,Keygeek Muse,2/15/2026,Keygeek,Linear,26,18,6,13,6,69,68.5,,,,,,,,,,,,
198,Jerrzi Blueberry Mousse,2/2/2025,Jerrzi,Linear,28,18,6,13,5,70,68.4,,,,,,,,,,,,
198,Gamakay Jupiter,1/28/2024,Outemu,Linear,29,18,5,13,6,71,68.4,,,,,,,,,,,,
198,Kailh Calligraphy,1/25/2026,Kailh,Linear,27,20,4,11,7,69,68.4,,,,,,,,,,,,
198,TTC Brother,1/16/2022,TTC,Clicky,27,17,7,15,7,73,68.4,,,,,,,,,,,,
202,Mitarashi Dango,12/29/2024,Unknown,Linear,29,16,6,15,4,70,68.3,,,,,,,,,,,,
202,BSUN Milk Tea Siam V2,12/15/2024,BSUN,Linear,28,18,7,12,5,70,68.3,,,,,,,,,,,,
204,Akko CS Starfish,11/21/2021,KTT,Linear,29,20,5,14,5,73,68.2,,,,,,,,,,,,
205,Novelkeys Dream Cream,10/16/2022,Kailh,Linear,27,18,6,13,8,72,68.1,,,,,,,,,,,,
205,Gateron Magnetic Jade Emerald,10/11/2025,Gateron,Tactile,27,21,5,13,3,69,68.1,,,,,,,,,,,,
205,Gateron CJ,10/3/2021,Gateron,Linear,29,19,5,14,6,73,68.1,,,,,,,,,,,,
205,Gateron Pro Ultra Glory Yellow,9/29/2024,Gateron,Linear,29,17,7,12,5,70,68.1,,,,,,,,,,,,
209,KTT Lightning V2,9/6/2026,KTT,Linear,28,19,6,10,5,68,68.0,,,,,,,,,,,,
210,Penyu,8/15/2021,Durock/JWK,Linear,26,19,5,16,7,73,67.9,,,,,,,,,,,,
210,Amethyst,8/9/2021,Tecsee,Tactile,28,18,7,14,6,73,67.9,,,,,,,,,,,,
212,BSUN Mozzarella,6/28/2026,BSUN,Tactile,28,18,5,11,6,68,67.8,,,,,,,,,,,,
212,IDOBAO Elf Linear-C1,6/25/2023,Kailh,Silent Linear,29,17,6,12,7,71,67.8,,,,,,,,,,,,
212,Durock Mocha Silk,6/22/2025,Durock/JWK,Linear,27,19,5,12,6,69,67.8,,,,,,,,,,,,
215,Huano Pineapple,5/28/2023,Huano,Linear,28,17,7,14,5,71,67.7,,,,,,,,,,,,
215,Cherry MX Ergo Clear (3 Pin),5/7/2023,Cherry,Tactile,28,16,5,15,7,71,67.7,,,,,,,,,,,,
217,Wingtree Camellia (52g),4/26/2026,Wingtree,Linear,28,18,6,12,4,68,67.6,,,,,,,,,,,,
217,Gateron Root Beer Float,4/16/2023,Gateron,Tactile,28,18,5,14,6,71,67.6,,,,,,,,,,,,
217,Geon Raptor MX,4/7/2024,BSUN,Linear,27,18,5,15,5,70,67.6,,,,,,,,,,,,
217,Gateron Hippo,4/4/2021,Gateron,Linear,28,19,5,14,7,73,67.6,,,,,,,,,,,,
221,Kinetic Labs Turtle,2/23/2025,Haimu,Silent Tactile,27,16,5,15,6,69,67.5,,,,,,,,,,,,
222,Feker Emerald Cabbage,1/21/2024,Unknown,Linear,28,18,7,11,6,70,67.4,,,,,,,,,,,,
223,Invokeys x Alas Daydreamer,11/26/2023,LICHICX,Silent Tactile,26,18,7,14,5,70,67.2,,,,,,,,,,,,
223,Akko CS Jelly White,11/21/2021,KTT,Linear,27,19,6,15,5,72,67.2,,,,,,,,,,,,
223,Akko CS Sponge,11/21/2021,KTT,Tactile,27,20,6,14,5,72,67.2,,,,,,,,,,,,
223,Akko V3 Cream Yellow,11/20/2022,KTT,Linear,27,16,6,16,6,71,67.2,,,,,,,,,,,,
223,Akko V3 Cream Blue,11/20/2022,KTT,Tactile,26,19,5,15,6,71,67.2,,,,,,,,,,,,
223,LICHICX Yogurt,11/17/2024,LICHICX,Silent Linear,28,18,7,11,5,69,67.2,,,,,,,,,,,,
229,Meow Claw V2,9/12/2021,Huano,Linear,27,21,6,12,6,72,67.0,,,,,,,,,,,,
229,Cherry MX2A RGB Black (3 Pin),8/27/2023,Cherry,Linear,26,17,5,16,6,70,67.0,,,,,,,,,,,,
231,Gateron Azure Dragon,8/15/2021,Gateron,Tactile,29,17,6,14,6,72,66.9,,,,,,,,,,,,
231,Gateron Yellow KS-8,8/1/2021,Gateron,Linear,27,15,6,16,8,72,66.9,,,,,,,,,,,,
231,Glorious Panda,8/1/2021,Tecsee,Tactile,30,16,5,13,8,72,66.9,,,,,,,,,,,,
234,Durock Mocha Chocolate,6/22/2025,Durock/JWK,Tactile,26,19,5,12,6,68,66.8,,,,,,,,,,,,
235,Zuoce Litchi Milk,5/25/2025,Unknown,Tactile,27,18,5,12,6,68,66.7,,,,,,,,,,,,
236,KTT Teresa,3/30/2025,KTT,Linear,27,19,5,12,5,68,66.6,,,,,,,,,,,,
236,PantheonKeys x TTC PT Black,3/29/2026,TTC,Linear,27,18,4,13,5,67,66.6,,,,,,,,,,,,
236,Outemu Clear,3/26/2023,Outemu,Clicky,24,22,5,14,5,70,66.6,,,,,,,,,,,,
236,TTC Blueish White,3/26/2023,TTC,Tactile,28,15,6,14,7,70,66.6,,,,,,,,,,,,
236,Kailh Extreme Slippery,3/23/2025,Kailh,Linear,28,17,7,11,5,68,66.6,,,,,,,,,,,,
236,KTT Blueberry Ice Cream,3/22/2026,KTT,Tactile,26,20,5,11,5,67,66.6,,,,,,,,,,,,
242,KTT Matcha,3/21/2021,KTT,Tactile,28,20,5,13,6,72,66.5,,,,,,,,,,,,
243,Kailh Box Speed Ultimate,2/13/2022,Kailh,Linear,30,17,4,14,6,71,66.4,,,,,,,,,,,,
243,Huano Earth Yellow,2/5/2023,Huano,Linear,28,17,6,13,6,70,66.4,,,,,,,,,,,,
243,Long Hua Cardamom,1/19/2025,Kailh,Linear,28,16,6,10,8,68,66.4,,,,,,,,,,,,
246,Rubrehose Brown,1/8/2023,Tecsee,Linear,27,17,6,13,7,70,66.3,,,,,,,,,,,,
246,Gateron Azure Dragon V2,12/11/2022,Gateron,Tactile,27,19,5,13,6,70,66.3,,,,,,,,,,,,
248,Akko Dracula,12/1/2024,Outemu,Linear,28,18,5,12,5,68,66.2,,,,,,,,,,,,
248,Gateron Azure Dragon V4,11/30/2025,Gateron,Tactile,27,19,4,14,3,67,66.2,,,,,,,,,,,,
248,HMX Anti,11/22/2025,HMX,Linear,28,16,6,9,8,67,66.2,,,,,,,,,,,,
248,Cherry MX Petal,11/8/2025,Cherry,Tactile,27,16,5,12,7,67,66.2,,,,,,,,,,,,
248,Betty,11/6/2022,Haimu,Tactile,27,18,6,13,6,70,66.2,,,,,,,,,,,,
253,TTC Peanut Latte,9/22/2024,TTC,Silent Tactile,27,17,6,12,6,68,66.1,,,,,,,,,,,,
254,Auralite,8/29/2021,Tecsee,Linear,27,18,6,14,6,71,66.0,,,,,,,,,,,,
255,BSUN Strawberry Cheesecake,8/11/2024,BSUN,Tactile,29,16,5,15,3,68,65.9,,,,,,,,,,,,
255,DareU Mahjong,8/6/2023,Huano,Linear,26,18,5,12,8,69,65.9,,,,,,,,,,,,
255,Anubis,8/1/2021,Durock/JWK,Tactile,29,15,7,13,7,71,65.9,,,,,,,,,,,,
255,Star Grey,8/1/2021,SP Star,Linear,28,16,7,13,7,71,65.9,,,,,,,,,,,,
255,Star Purple,8/1/2021,SP Star,Tactile,29,16,6,13,7,71,65.9,,,,,,,,,,,,
260,Zeal Pearlio,7/3/2022,Gateron,Linear,29,22,6,8,5,70,65.8,,,,,,,,,,,,
260,KTT Kang White,6/20/2021,KTT,Linear,28,15,7,14,7,71,65.8,,,,,,,,,,,,
262,Husky,5/30/2021,Tecsee,Linear,28,17,6,14,6,71,65.7,,,,,,,,,,,,
262,Gateron Deepping,5/26/2024,Gateron,Linear,30,18,7,10,3,68,65.7,,,,,,,,,,,,
262,Mode Signal,5/22/2022,Durock/JWK,Tactile,28,16,4,15,7,70,65.7,,,,,,,,,,,,
265,HMX Crisp,4/12/2026,HMX,Linear,26,23,3,10,4,66,65.6,,,,,,,,,,,,
266,Everfree Fast Silver,2/8/2026,Gateron,Linear,28,16,6,12,4,66,65.4,,,,,,,,,,,,
266,Gamakay Venus,1/28/2024,Outemu,Tactile,26,18,5,13,6,68,65.4,,,,,,,,,,,,
266,Gateron Green Apple,1/26/2025,Gateron,Tactile,28,15,6,14,4,67,65.4,,,,,,,,,,,,
266,SP Star Marble Soda Melon,1/16/2022,SP Star,Linear,27,18,6,13,6,70,65.4,,,,,,,,,,,,
270,Cherry MX Purple,1/7/2024,Cherry,Tactile,28,17,6,12,5,68,65.3,,,,,,,,,,,,
270,Spring Switch,12/17/2023,BSUN,Linear,28,19,6,9,6,68,65.3,,,,,,,,,,,,
272,KTT Wind Phantom,12/1/2024,KTT,Tactile,27,20,4,12,4,67,65.2,,,,,,,,,,,,
272,JKDK Crimson,11/5/2023,LICHICX,Silent Tactile,26,18,7,10,7,68,65.2,,,,,,,,,,,,
274,Qeeke Begonia (Crabapple),10/21/2023,Jerrzi,Linear,27,17,7,11,6,68,65.1,,,,,,,,,,,,
275,Tecsee Sapphire V2,9/12/2021,Tecsee,Tactile,30,15,8,11,6,70,65.0,,,,,,,,,,,,
275,KFA Lubed Pink Robin,9/11/2022,Aflion,Linear,27,17,5,14,6,69,65.0,,,,,,,,,,,,
275,Wuque WS POM+,8/18/2024,Gateron,Linear,29,15,6,14,3,67,65.0,,,,,,,,,,,,
278,Zeal Crystal,7/3/2022,Gateron,Tactile,28,20,5,10,6,69,64.8,,,,,,,,,,,,
278,IDOBAO Elf Tactile-T1,6/25/2023,Kailh,Silent Tactile,27,17,5,12,7,68,64.8,,,,,,,,,,,,
280,Novelkeys Cream Arc,5/29/2022,Kailh,Linear,28,18,5,12,6,69,64.7,,,,,,,,,,,,
280,Kingfishers,5/22/2022,Tecsee,Linear,28,18,7,10,6,69,64.7,,,,,,,,,,,,
280,Gateron UHMknown,4/30/2023,Gateron,Linear,28,16,6,12,6,68,64.7,,,,,,,,,,,,
283,Gateron Cap Brown,4/11/2021,Gateron,Tactile,28,15,7,14,6,70,64.6,,,,,,,,,,,,
283,Gateron Mink,4/3/2022,Gateron,Linear,27,15,6,14,7,69,64.6,,,,,,,,,,,,
285,Cherry Viola,2/25/2024,Cherry,Linear,27,16,5,12,7,67,64.5,,,,,,,,,,,,
286,Kailh Box Mute Jade,2/6/2022,Kailh,Clicky,26,17,4,15,7,69,64.4,,,,,,,,,,,,
287,Cherry MX Firefinch,1/4/2026,Cherry,Linear,28,17,5,10,5,65,64.3,,,,,,,,,,,,
287,SP Star Sacramento,12/26/2021,SP Star,Linear,26,17,6,13,7,69,64.3,,,,,,,,,,,,
289,Mengmoda Ice Cream,10/21/2023,SOAI,Linear,28,16,7,10,6,67,64.1,,,,,,,,,,,,
289,Tecsee Middle Switch Tactile,10/15/2023,Tecsee,Tactile,26,16,4,14,7,67,64.1,,,,,,,,,,,,
289,Cherry MX Honey,9/25/2025,Cherry,Silent Tactile,25,18,3,13,6,65,64.1,,,,,,,,,,,,
289,BSUN Bordeaux,9/21/2025,BSUN,Tactile,27,17,5,11,5,65,64.1,,,,,,,,,,,,
293,Lubed Black Geon Switch,8/7/2022,Tecsee,Linear,27,16,6,14,5,68,63.9,,,,,,,,,,,,
294,Zeal Clickiez 75g. (Linear),7/10/2022,Gateron,Linear,27,18,5,13,5,68,63.8,,,,,,,,,,,,
294,KNC Keys Chocolate Crinkle Cookies,6/22/2025,Tecsee,Tactile,28,17,5,10,5,65,63.8,,,,,,,,,,,,
294,Gateron Dual-Rail Magnetic Orange,6/9/2024,Gateron,Linear,27,18,4,10,7,66,63.8,,,,,,,,,,,,
297,XCJZ Green Tea,5/25/2025,LICHICX,Tactile,26,19,4,10,6,65,63.7,,,,,,,,,,,,
297,Mode Reflex,5/22/2022,Durock/JWK,Linear,27,16,4,15,6,68,63.7,,,,,,,,,,,,
299,Lumia Matcha (62g),3/20/2022,Unknown,Linear,26,17,7,11,7,68,63.5,,,,,,,,,,,,
299,Kailh Box Spring,3/17/2024,Kailh,Linear,28,17,6,10,5,66,63.5,,,,,,,,,,,,
301,BSUN Avocado Panda V2,2/5/2023,BSUN,Tactile,27,18,5,12,5,67,63.4,,,,,,,,,,,,
301,Jerrzi Cute Yellow,2/2/2025,Jerrzi,Silent Linear,28,16,6,10,5,65,63.4,,,,,,,,,,,,
301,Tsavorite,1/30/2022,Durock/JWK,Linear,27,17,6,12,6,68,63.4,,,,,,,,,,,,
304,Long Hua Platycodon Grandiflorum,1/5/2025,Kailh,Tactile,26,15,6,10,8,65,63.3,,,,,,,,,,,,
305,Gateron Kangaroo Inks,11/21/2020,Gateron,Tactile,28,16,7,11,7,69,63.2,,,,,,,,,,,,
305,Huano Grape Orange,11/17/2024,Huano,Linear,27,16,6,11,5,65,63.2,,,,,,,,,,,,
305,Sarokeys BCP,11/12/2023,BSUN,Linear,27,17,6,13,3,66,63.2,,,,,,,,,,,,
308,Leobog Pig Synapse,10/21/2023,SOAI,Tactile,25,22,3,12,4,66,63.1,,,,,,,,,,,,
308,Cow Orange,10/10/2021,Tecsee,Linear,25,18,6,13,6,68,63.1,,,,,,,,,,,,
310,TTC Gold Pink,8/1/2021,TTC,Linear,27,15,6,14,6,68,62.9,,,,,,,,,,,,
310,Cherry MX Orange,7/21/2024,Cherry,Linear,25,17,5,13,5,65,62.9,,,,,,,,,,,,
312,Designer Studio Graphite Gold,6/26/2022,Durock/JWK,Linear,27,16,6,11,7,67,62.8,,,,,,,,,,,,
312,KTT Purple Sauce,6/11/2023,KTT,Clicky,27,16,5,13,5,66,62.8,,,,,,,,,,,,
312,Haimu x Geon HG Silent Red,6/4/2023,Haimu,Silent Linear,26,16,6,12,6,66,62.8,,,,,,,,,,,,
315,Akko Creamy Cyan,4/6/2025,Outemu,Clicky,25,21,4,10,4,64,62.6,,,,,,,,,,,,
315,KTT ZenCha,3/22/2026,KTT,Silent Tactile,25,22,4,8,4,63,62.6,,,,,,,,,,,,
315,XCJZ x KTT Ice Orange Silent,3/22/2026,KTT,Silent Linear,26,18,5,10,4,63,62.6,,,,,,,,,,,,
318,BSUN POM Linear,2/23/2021,BSUN,Linear,29,15,6,13,5,68,62.5,,,,,,,,,,,,
319,Opblack,2/13/2020,Durock/JWK,Linear,28,15,6,14,6,69,62.4,,,,,,,,,,,,
320,Varmilo Ivy L,12/22/2024,LICHICX,Clicky,27,16,5,12,4,64,62.3,,,,,,,,,,,,
321,Gateron Mochi,11/7/2021,Gateron,Linear,27,16,5,14,5,67,62.2,,,,,,,,,,,,
321,Zealios V1 Linear,11/7/2021,Gateron,Linear,24,15,5,15,8,67,62.2,,,,,,,,,,,,
323,KTT Sea Salt,9/12/2021,KTT,Linear,27,14,7,13,6,67,62.0,,,,,,,,,,,,
324,TTC Magnetic Snake White CNY,8/3/2025,TTC,Linear,28,18,5,9,3,63,61.9,,,,,,,,,,,,
324,Hexin Workshop Bamboo Green (60g),8/1/2021,Durock/JWK,Tactile,27,16,7,12,5,67,61.9,,,,,,,,,,,,
326,KTT Peach,6/20/2021,KTT,Linear,27,14,7,13,6,67,61.8,,,,,,,,,,,,
326,DesignerStudio White Jade,6/19/2022,Durock/JWK,Tactile,27,16,5,13,5,66,61.8,,,,,,,,,,,,
326,'Aura' Frost Panda,6/6/2021,Tecsee,Tactile,26,18,5,13,5,67,61.8,,,,,,,,,,,,
329,Musetsu,5/22/2022,Durock/JWK,Tactile,25,19,4,13,5,66,61.7,,,,,,,,,,,,
330,43 Studio Jing,4/7/2024,Durock/JWK,Linear,26,20,5,9,4,64,61.6,,,,,,,,,,,,
330,B.Stone Dark Eyes,4/7/2024,Unknown,Tactile,27,14,5,12,6,64,61.6,,,,,,,,,,,,
330,NK x Kailh Speed Heavy Pale Blue,3/26/2023,Kailh,Clicky,27,15,7,10,6,65,61.6,,,,,,,,,,,,
330,NK x Kailh Speed Heavy Dark Yellow,3/26/2023,Kailh,Linear,26,15,7,10,7,65,61.6,,,,,,,,,,,,
334,Keychron Phantom Brown,3/20/2022,Gateron,Tactile,23,19,4,15,5,66,61.5,,,,,,,,,,,,
334,TTC L Series Blue,2/25/2024,TTC,Clicky,24,18,5,12,5,64,61.5,,,,,,,,,,,,
336,Aiguox Dark Sakura Glass,1/5/2025,KTT,Silent Linear,26,18,5,9,5,63,61.3,,,,,,,,,,,,
336,Kailh x Melgeek Hornet HE,12/22/2024,Kailh,Linear,27,17,5,8,6,63,61.3,,,,,,,,,,,,
338,Naevy V1,8/15/2021,Tecsee,Tactile,28,14,7,12,5,66,60.9,,,,,,,,,,,,
338,RAMA WORKS Duck,7/24/2022,Gateron,Linear,29,20,6,5,5,65,60.9,,,,,,,,,,,,
338,Vertex V1 (Unlubed),7/23/2023,Durock/JWK,Linear,25,17,5,13,4,64,60.9,,,,,,,,,,,,
341,Gateron Oil King Silent Tactile,6/21/2026,Gateron,Silent Tactile,26,20,4,9,2,61,60.8,,,,,,,,,,,,
341,Gateron Luciola,6/4/2023,Gateron,Linear,26,18,4,11,5,64,60.8,,,,,,,,,,,,
343,Chosfox Hanami Dango Pink,5/21/2023,Durock/JWK,Linear,25,17,4,12,6,64,60.7,,,,,,,,,,,,
343,Novelkeys Box Cream,5/9/2021,Kailh,Linear,25,16,5,14,6,66,60.7,,,,,,,,,,,,
345,Tecsee Volcano Linear,4/6/2025,Tecsee,Linear,27,15,6,10,4,62,60.6,,,,,,,,,,,,
346,BSUN Pikachu,2/5/2023,BSUN,Linear,27,16,5,11,5,64,60.4,,,,,,,,,,,,
346,LCET Christmas Star,2/2/2025,Unknown,Linear,26,15,5,10,6,62,60.4,,,,,,,,,,,,
346,Kailh Pro Purple (Plate Mount),1/16/2022,Kailh,Tactile,24,14,6,14,7,65,60.4,,,,,,,,,,,,
349,Haimu Gray Jade Tactile,12/15/2024,Haimu,Tactile,26,16,5,12,3,62,60.3,,,,,,,,,,,,
350,Leobog Ice Blue,11/19/2023,SOAI,Clicky,23,23,3,9,5,63,60.2,,,,,,,,,,,,
350,Glorious Panda Silent,11/17/2024,Outemu,Silent Tactile,26,17,6,9,4,62,60.2,,,,,,,,,,,,
350,Redragon Sapphire,11/6/2022,Haimu,Tactile,25,16,4,14,5,64,60.2,,,,,,,,,,,,
353,XCJZ Jerrzi Lotus Stem,10/21/2023,Jerrzi,Clicky,25,16,5,12,5,63,60.1,,,,,,,,,,,,
353,Leobog Nimbus,10/21/2023,SOAI,Linear,26,17,5,10,5,63,60.1,,,,,,,,,,,,
355,Cherry MX2A RGB Blue (3 Pin),9/3/2023,Cherry,Clicky,22,17,4,15,5,63,60.0,,,,,,,,,,,,
356,Kailh Box Silent Brown,8/15/2021,Kailh,Silent Tactile,24,17,6,13,5,65,59.9,,,,,,,,,,,,
357,Mengmoda Honey,6/5/2022,Aflion,Tactile,26,15,5,12,6,64,59.8,,,,,,,,,,,,
357,Strawberry Jelly V2,6/5/2022,Huano,Linear,24,21,4,11,4,64,59.8,,,,,,,,,,,,
359,KTT Gold,5/22/2022,KTT,Clicky,24,14,6,13,7,64,59.7,,,,,,,,,,,,
359,Gateron Genty Silent HE,5/4/2025,Gateron,Silent Linear,27,21,2,8,3,61,59.7,,,,,,,,,,,,
361,Taro Ball,4/25/2021,Durock/JWK,Tactile,26,14,6,13,6,65,59.6,,,,,,,,,,,,
362,Akko CS Ocean Blue,3/21/2021,KTT,Tactile,23,19,4,13,6,65,59.5,,,,,,,,,,,,
363,Original Aspiration (Release),2/3/2021,Durock/JWK,Linear,27,18,3,12,5,65,59.4,,,,,,,,,,,,
363,SP Star Ayara,1/30/2022,SP Star,Linear,26,16,6,11,5,64,59.4,,,,,,,,,,,,
363,Kailh Pro Burgundy (Plate Mount),1/16/2022,Kailh,Linear,25,14,5,13,7,64,59.4,,,,,,,,,,,,
366,Melgeek Plastic,11/19/2023,Kailh,Linear,27,18,4,9,4,62,59.2,,,,,,,,,,,,
366,Cream Tactile,10/31/2021,Kailh,Tactile,25,15,4,14,6,64,59.2,,,,,,,,,,,,
368,RRE Blacks,10/24/2021,Unknown,Linear,24,15,6,14,5,64,59.1,,,,,,,,,,,,
368,Varmilo Ivy L,10/13/2024,LICHICX,Clicky,25,17,4,10,5,61,59.1,,,,,,,,,,,,
370,Haimu Whisper,9/11/2022,Haimu,Silent Tactile,27,14,4,13,5,63,59.0,,,,,,,,,,,,
371,Kailh Canary,8/15/2021,Kailh,Tactile,25,16,5,13,5,64,58.9,,,,,,,,,,,,
371,Moyu Black,8/1/2021,Durock/JWK,Tactile,27,17,5,9,6,64,58.9,,,,,,,,,,,,
371,Lekker V2 45g Linear,7/20/2025,Grain Gold,Linear,26,17,3,10,4,60,58.9,,,,,,,,,,,,
374,Frost Panda,6/6/2021,Tecsee,Linear,24,18,6,11,5,64,58.8,,,,,,,,,,,,
375,Pewters,5/22/2022,Durock/JWK,Tactile,27,14,5,11,6,63,58.7,,,,,,,,,,,,
376,Tecsee Christmas Dolphin,3/17/2024,Tecsee,Linear,26,12,5,11,7,61,58.5,,,,,,,,,,,,
377,Attack Shark Blue Jelly,1/19/2025,Unknown,Tactile,24,16,4,11,5,60,58.4,,,,,,,,,,,,
377,Leobog Standard Brown,1/14/2024,SOAI,Tactile,26,16,4,10,5,61,58.4,,,,,,,,,,,,
379,BSUN Banana Tactile,12/31/2023,BSUN,Tactile,26,17,4,10,4,61,58.3,,,,,,,,,,,,
380,Varmilo EC V2 Rose,10/21/2023,Unknown,Linear,25,15,4,12,5,61,58.1,,,,,,,,,,,,
380,Kailh Box Sky Blue,9/26/2021,Kailh,Clicky,25,17,5,12,4,63,58.1,,,,,,,,,,,,
382,KTT Cloud Blue,9/12/2021,KTT,Linear,26,14,6,12,5,63,58.0,,,,,,,,,,,,
382,Taiwan Jet Axis Yellow,8/22/2021,Unknown,Linear,20,22,6,10,5,63,58.0,,,,,,,,,,,,
384,Healio,8/15/2021,Gateron,Silent Linear,26,16,6,9,6,63,57.9,,,,,,,,,,,,
385,Queen,6/6/2021,Durock/JWK,Linear,26,17,4,11,5,63,57.8,,,,,,,,,,,,
385,KTT Cabbage Tofu,6/5/2022,KTT,Linear,27,15,5,11,4,62,57.8,,,,,,,,,,,,
387,Durock Sunflower,5/28/2021,Durock/JWK,Tactile,26,19,3,10,5,63,57.7,,,,,,,,,,,,
388,Gateron Beer,12/31/2023,Gateron,Tactile,25,15,4,11,5,60,57.3,,,,,,,,,,,,
389,Winkeyless.KR Zeal Clear,11/14/2021,Gateron,Tactile,24,11,4,16,7,62,57.2,,,,,,,,,,,,
390,Varmilo EC V2 Daisy,10/21/2023,Unknown,Linear,25,13,4,12,6,60,57.1,,,,,,,,,,,,
390,Kailh Box Rose Red,9/26/2021,Kailh,Linear,25,17,5,12,3,62,57.1,,,,,,,,,,,,
392,Original Aspiration (Sample),9/18/2020,Durock/JWK,Linear,28,17,4,10,4,63,57.0,,,,,,,,,,,,
392,G-Square Ram V2,9/8/2024,Grain Gold,Tactile,26,14,5,10,4,59,57.0,,,,,,,,,,,,
394,Hyte Fluffy Lavender,8/3/2025,Unknown,Linear,26,14,4,10,4,58,56.9,,,,,,,,,,,,
394,Kailh Box Dark Chocolate,7/20/2025,Kailh,Linear,25,18,3,8,4,58,56.9,,,,,,,,,,,,
396,Everglide Sky Blue V2.5,5/22/2022,Durock/JWK,Linear,26,16,5,9,5,61,56.7,,,,,,,,,,,,
396,8008 Ink,5/22/2022,Gateron,Linear,26,15,4,11,5,61,56.7,,,,,,,,,,,,
398,TTC x Helix Lab Skylar,3/26/2023,TTC,Clicky,23,15,5,11,6,60,56.6,,,,,,,,,,,,
399,Cherry MX Brown (3 Pin),3/14/2021,Cherry,Tactile,21,14,4,18,5,62,56.5,,,,,,,,,,,,
400,Everglide Lightning Silver Light Green,1/30/2022,Durock/JWK,Linear,24,18,4,8,7,61,56.4,,,,,,,,,,,,
400,Novelia,1/17/2021,Kailh,Tactile,26,16,4,11,5,62,56.4,,,,,,,,,,,,
400,Gateron Ink Yellow V2,1/16/2022,Gateron,Linear,23,13,5,14,6,61,56.4,,,,,,,,,,,,
403,Jerrzi Blue,12/15/2024,Jerrzi,Clicky,26,16,4,8,4,58,56.3,,,,,,,,,,,,
404,Varmilo EC V2 Sakura,10/21/2023,Unknown,Linear,25,13,4,12,5,59,56.1,,,,,,,,,,,,
404,Kailh Box Quicksand Gold,9/26/2021,Kailh,Tactile,23,17,4,12,5,61,56.1,,,,,,,,,,,,
406,Everglide Sakura Pink V2,8/1/2021,Durock/JWK,Linear,26,12,5,12,6,61,55.9,,,,,,,,,,,,
407,Zoch Flame Shadow,7/6/2025,KTT,Clicky,25,15,3,10,4,57,55.8,,,,,,,,,,,,
408,AULA Blue,5/4/2025,SOAI,Clicky,23,18,3,9,4,57,55.7,,,,,,,,,,,,
409,Greetech Sunset,4/14/2024,Greetech,Linear,26,14,4,8,6,58,55.6,,,,,,,,,,,,
409,NK x Kailh Speed Heavy Burnt Orange,3/26/2023,Kailh,Tactile,24,15,4,10,6,59,55.6,,,,,,,,,,,,
411,Attack Shark Green Jelly,1/19/2025,Unknown,Linear,25,15,3,10,4,57,55.4,,,,,,,,,,,,
412,Popu,12/5/2021,Durock/JWK,Linear,26,16,2,11,5,60,55.3,,,,,,,,,,,,
413,Cherry Jailhouse Blue,10/9/2022,Cherry,Tactile,24,14,5,10,6,59,55.1,,,,,,,,,,,,
414,Gateron Keyfirst Cream,9/12/2021,Gateron,Linear,25,16,4,10,5,60,55.0,,,,,,,,,,,,
414,Gateron Robin,9/12/2021,Gateron,Linear,23,16,4,12,5,60,55.0,,,,,,,,,,,,
416,Kailh Box Silent Pink,8/15/2021,Kailh,Silent Linear,21,16,6,13,4,60,54.9,,,,,,,,,,,,
416,Cherry MX Lumina Brown,7/19/2026,Cherry,Tactile,25,15,3,8,4,55,54.9,,,,,,,,,,,,
418,Monka V3 Cherry Powder,6/25/2023,Haimu,Linear,22,17,3,11,5,58,54.8,,,,,,,,,,,,
419,Content Blue (Black Bottom),5/5/2024,KTT,Clicky,22,17,4,9,5,57,54.7,,,,,,,,,,,,
420,Outemu Silent Peach,3/20/2022,Outemu,Silent Linear,24,15,5,10,5,59,54.5,,,,,,,,,,,,
420,Tecsee Crystal Lemon,3/16/2025,Tecsee,Tactile,25,18,1,8,4,56,54.5,,,,,,,,,,,,
420,Cotton Candy,3/6/2022,Durock/JWK,Tactile,24,14,5,11,5,59,54.5,,,,,,,,,,,,
423,Novelkeys Launch Creams,10/10/2021,Kailh,Linear,26,13,2,14,4,59,54.1,,,,,,,,,,,,
424,C3 Macho,9/12/2021,Durock/JWK,Linear,26,14,4,10,5,59,54.0,,,,,,,,,,,,
424,Aliaz (80g),9/12/2021,Gateron,Silent Tactile,24,14,4,11,6,59,54.0,,,,,,,,,,,,
426,Konpeitou,7/25/2021,Durock/JWK,Linear,24,16,4,10,5,59,53.9,,,,,,,,,,,,
427,HTMZ Pink,6/8/2025,Yusya,Linear,25,15,4,8,3,55,53.8,,,,,,,,,,,,
428,Ethereal Panda,5/22/2022,Tecsee,Tactile,23,18,4,8,5,58,53.7,,,,,,,,,,,,
429,Opgrey,3/26/2023,Durock/JWK,Tactile,25,13,4,7,8,57,53.6,,,,,,,,,,,,
430,Tecsee Honey Peach,2/18/2024,Tecsee,Linear,22,17,2,9,6,56,53.5,,,,,,,,,,,,
431,Kailh Pro Light Green (Plate Mount),1/16/2022,Kailh,Clicky,22,14,4,12,6,58,53.4,,,,,,,,,,,,
432,Outemu Dustproof Teal,10/9/2022,Outemu,Clicky,22,17,4,10,4,57,53.1,,,,,,,,,,,,
433,Crane,9/12/2021,Durock/JWK,Tactile,23,16,3,11,5,58,53.0,,,,,,,,,,,,
434,LCET Blue and Purple,4/9/2023,Unknown,Clicky,22,14,4,11,5,56,52.6,,,,,,,,,,,,
435,Obsidian L,12/18/2022,Durock/JWK,Linear,20,14,5,11,6,56,52.3,,,,,,,,,,,,
436,Mengmoda Holy Panda,10/21/2023,SOAI,Tactile,23,17,1,9,5,55,52.1,,,,,,,,,,,,
437,Doom Linear,5/25/2025,Meirun,Linear,22,15,3,8,5,53,51.7,,,,,,,,,,,,
438,Gateron Slate Grey,1/21/2021,Gateron,Linear,24,13,4,12,4,57,51.4,,,,,,,,,,,,
439,Glorious Mako Ultralight,10/20/2024,Outemu,Tactile,21,14,2,12,4,53,51.1,,,,,,,,,,,,
440,Gateron N1,8/15/2021,Gateron,Linear,24,14,5,8,5,56,50.9,,,,,,,,,,,,
440,Everglide Amber Orange V2 Pro!,8/1/2021,Durock/JWK,Linear,24,12,5,10,5,56,50.9,,,,,,,,,,,,
442,NK x Kailh Chocolate,6/20/2021,Kailh,Linear,24,14,3,10,5,56,50.8,,,,,,,,,,,,
443,Snow Whites,5/22/2022,Durock/JWK,Linear,26,14,5,7,3,55,50.7,,,,,,,,,,,,
444,Gateron Mini,3/6/2022,Gateron,Linear,23,13,4,11,4,55,50.5,,,,,,,,,,,,
445,Honeycomb,1/8/2023,Meirun,Linear,21,18,3,8,4,54,50.3,,,,,,,,,,,,
446,Huano Silver,10/24/2021,Huano,Linear,23,13,4,11,4,55,50.1,,,,,,,,,,,,
446,Huano Clicky White,10/8/2023,Huano,Clicky,22,15,4,8,4,53,50.1,,,,,,,,,,,,
448,Glorious Lynx (Unlubed),8/29/2021,Tecsee,Linear,23,14,4,9,5,55,50.0,,,,,,,,,,,,
449,Paigu Mocha Cheese,6/16/2024,Unknown,Linear,22,16,2,9,3,52,49.8,,,,,,,,,,,,
450,Noppoo Brown,5/4/2025,KTT,Tactile,18,15,3,10,5,51,49.7,,,,,,,,,,,,
451,Greetech OG Brown,12/7/2025,Greetech,Tactile,19,14,3,10,4,50,49.3,,,,,,,,,,,,
452,Everglide Coral Red V2 Pro!,8/1/2021,Durock/JWK,Linear,22,12,5,10,5,54,48.9,,,,,,,,,,,,
453,Greetech Razer Yellow,1/16/2022,Greetech,Linear,23,13,5,7,4,52,47.4,,,,,,,,,,,,
454,Gateron Ink Blue V1,8/15/2021,Gateron,Clicky,21,15,4,9,3,52,46.9,,,,,,,,,,,,
455,Teton Cream,10/9/2022,Unknown,Linear,19,13,3,9,6,50,46.1,,,,,,,,,,,,
456,TTC Razer Dustproof Green,10/9/2022,TTC,Clicky,19,14,3,9,4,49,45.1,,,,,,,,,,,,
457,KK Lightwave,8/15/2021,Tecsee,Linear,22,11,5,7,5,50,44.9,,,,,,,,,,,,
458,Akko Pink,1/16/2022,Huano,Linear,19,13,4,9,4,49,44.4,,,,,,,,,,,,
459,LCET Red (Black Bottom),5/21/2023,Unknown,Linear,17,14,3,9,4,47,43.7,,,,,,,,,,,,
460,TTC Razer Dustproof Yellow,10/9/2022,TTC,Linear,20,14,3,7,3,47,43.1,,,,,,,,,,,,
461,Greetech Razer Orange,1/16/2022,Greetech,Tactile,19,13,3,7,4,46,41.4,,,,,,,,,,,,
462,TTC Razer Dustproof Orange,10/9/2022,TTC,Tactile,16,14,4,7,4,45,41.1,,,,,,,,,,,,
463,Everglide Jade Green V2,8/1/2021,Durock/JWK,Tactile,15,12,4,10,4,45,39.9,,,,,,,,,,,,
464,TTC Orange Clicky,10/8/2023,TTC,Clicky,14,13,2,9,4,42,39.1,,,,,,,,,,,,
465,Greetech Razer Green,1/16/2022,Greetech,Clicky,17,13,3,6,4,43,38.4,,,,,,,,,,,,
466,OArmy Green,10/9/2022,Greetech,Clicky,14,12,3,7,2,38,34.1,,,,,,,,,,,,
,,,,,,,,,,,,,,,,,,,,,,,
AVG,AVERAGE OF ALL,,-,-,27.0,17.9,5.6,12.5,5.9,68.9,65.9,,,,,,,,,,,,
 - LINEAR RANKINGS -,,,,,,,,,,,,,,,,,,,,,,,
Rank,Switch Name,Date,Manufacturer,Type,Push Feel,Wobble,Sound,Context,Other,"Timeless
Total","Time Wtd. 
Total",,,,,,,,,,,,
1,Gateron G Pro 3.0 Yellow,8/6/2023,Gateron,Linear,31,21,7,18,9,86,82.9,,,,,,,,,,,,
2,Alpaca V2,12/6/2020,Durock/JWK,Linear,32,22,9,16,8,87,81.3,,,,,,,,,,,,
3,Akko Mirror,11/24/2024,HMX,Linear,31,23,7,16,6,83,81.2,,,,,,,,,,,,
4,TTC Neptune,4/23/2023,TTC,Linear,31,23,8,15,7,84,80.6,,,,,,,,,,,,
5,Keygeek Athena,7/13/2025,Keygeek,Linear,32,21,8,14,6,81,79.9,,,,,,,,,,,,
6,Huano Caramel Latte,6/23/2024,Huano,Linear,31,20,9,14,8,82,79.8,,,,,,,,,,,,
7,Taro N Sweet Potato V2,4/19/2026,BSUN,Linear,31,22,8,14,5,80,79.6,,,,,,,,,,,,
7,Ball Bearing Blue,3/24/2024,Unknown,Linear,31,25,8,9,9,82,79.6,,,,,,,,,,,,
9,Everglide V3 'Water King' (60g),2/28/2020,Durock/JWK,Linear,32,24,7,15,8,86,79.5,,,,,,,,,,,,
10,Wingtree 277,1/11/2026,Wingtree,Linear,28,24,7,15,6,80,79.4,,,,,,,,,,,,
11,Geon Raw HE,12/15/2024,Grain Gold,Linear,28,24,6,15,8,81,79.3,,,,,,,,,,,,
12,Invokeys Black Sesame,10/2/2022,Aflion,Linear,32,20,7,17,7,83,79.1,,,,,,,,,,,,
13,Novelkeys Classic Blue,8/10/2025,Unknown,Linear,28,24,6,17,5,80,78.9,,,,,,,,,,,,
14,Gravastar UFO Purple,6/7/2026,Unknown,Linear,30,22,7,10,10,79,78.8,,,,,,,,,,,,
15,Gateron Speed Silver Pro,5/28/2021,Gateron,Linear,31,21,9,15,8,84,78.7,,,,,,,,,,,,
16,Keebz n Cables x HMX Ice Cendol,3/2/2025,HMX,Linear,29,23,7,15,6,80,78.5,,,,,,,,,,,,
17,Keygeek Oat,11/10/2024,Keygeek,Linear,30,21,8,15,6,80,78.2,,,,,,,,,,,,
18,Raptor MX Extreme,5/12/2024,HMX,Linear,30,23,7,15,5,80,77.7,,,,,,,,,,,,
19,Cherry MX 'New Nixie' (Black Clear-Top),12/4/2022,Cherry,Linear,27,20,6,18,10,81,77.3,,,,,,,,,,,,
20,Keygeek Raspberry,10/13/2024,Keygeek,Linear,29,25,6,14,5,79,77.1,,,,,,,,,,,,
20,Everfree Cedar,9/22/2024,Gateron,Linear,30,19,7,16,7,79,77.1,,,,,,,,,,,,
22,SWK Ripple,9/1/2024,SWK,Linear,30,23,7,14,5,79,77.0,,,,,,,,,,,,
23,Gateron Magnetic Green Dragon HE,6/1/2025,Gateron,Linear,31,21,9,11,6,78,76.7,,,,,,,,,,,,
24,Wuque Studio Morandi,3/19/2023,Haimu,Linear,31,19,8,14,8,80,76.5,,,,,,,,,,,,
25,Caramel Chocolate (Lubed),12/31/2023,LICHICX,Linear,29,22,7,15,6,79,76.3,,,,,,,,,,,,
26,HMX WJBY Su Color,11/17/2024,HMX,Linear,30,22,8,12,6,78,76.2,,,,,,,,,,,,
26,Keyfirst Bling Blue,11/5/2023,Haimu,Linear,32,21,8,10,8,79,76.2,,,,,,,,,,,,
28,Keygeek Y2 (20mm/45g),8/24/2025,Keygeek,Linear,29,18,8,14,8,77,76.0,,,,,,,,,,,,
29,HMX Egg Yolk,7/12/2026,HMX,Linear,29,19,6,14,8,76,75.9,,,,,,,,,,,,
29,Wingtree Jadeite,7/12/2026,Wingtree,Linear,28,24,6,13,5,76,75.9,,,,,,,,,,,,
31,Wingtree Coral,4/26/2026,Wingtree,Linear,29,22,7,13,5,76,75.6,,,,,,,,,,,,
31,Keygeek Full Nylon,4/26/2026,Keygeek,Linear,29,23,7,10,7,76,75.6,,,,,,,,,,,,
33,Invokeys Matcha Latte,1/9/2022,Aflion,Linear,29,20,8,17,6,80,75.4,,,,,,,,,,,,
34,SWK Jieum V2,12/3/2023,SWK,Linear,29,24,7,13,5,78,75.2,,,,,,,,,,,,
34,Nixie Black,11/7/2020,Cherry,Linear,29,21,8,14,9,81,75.2,,,,,,,,,,,,
36,Keygeek VC,8/17/2025,Keygeek,Linear,30,22,6,13,5,76,75.0,,,,,,,,,,,,
37,Unionwell Xueyao,7/26/2026,Greetech,Linear,32,21,7,10,5,75,74.9,,,,,,,,,,,,
38,WS Arowana Red,6/8/2025,HMX,Linear,28,23,6,14,5,76,74.8,,,,,,,,,,,,
39,WS Flux HE,4/27/2025,K2,Linear,33,18,10,6,9,76,74.6,,,,,,,,,,,,
40,Moyu Studio x XCJZ Snow Grape,9/17/2023,Unknown,Linear,30,19,9,14,5,77,74.0,,,,,,,,,,,,
41,Everglide Magneto UE,7/20/2025,Grain Gold,Linear,29,24,4,13,5,75,73.9,,,,,,,,,,,,
42,Kailh Box Luna,7/6/2025,Kailh,Linear,28,24,6,9,8,75,73.8,,,,,,,,,,,,
42,Gateron X V3,6/28/2025,Gateron,Linear,28,17,5,16,9,75,73.8,,,,,,,,,,,,
44,TTC Tiger,5/15/2022,TTC,Linear,29,22,5,14,8,78,73.7,,,,,,,,,,,,
45,KTT Strawberry,1/30/2021,KTT,Linear,30,20,8,15,6,79,73.4,,,,,,,,,,,,
45,Gateron Oil King,1/23/2022,Gateron,Linear,30,19,7,15,7,78,73.4,,,,,,,,,,,,
47,Durock Sea Glass,9/3/2023,Durock/JWK,Linear,30,17,7,15,7,76,73.0,,,,,,,,,,,,
48,JWICK Ginger Milk,8/14/2022,Durock/JWK,Linear,28,21,6,14,8,77,72.9,,,,,,,,,,,,
49,Momoka Frog V3,6/12/2021,Momoka,Linear,28,19,6,17,8,78,72.8,,,,,,,,,,,,
50,Gateron Pro Yellow,5/28/2021,Gateron,Linear,27,21,7,15,8,78,72.7,,,,,,,,,,,,
50,Geon Lucifer HE,5/4/2025,Grain Gold,Linear,29,17,7,14,7,74,72.7,,,,,,,,,,,,
50,Shortcut Studio SC,5/4/2025,HMX,Linear,27,22,6,14,5,74,72.7,,,,,,,,,,,,
53,Wuque Studio Onion,3/27/2022,Durock/JWK,Linear,30,18,6,15,8,77,72.6,,,,,,,,,,,,
54,Kailh Christmas Tree,3/13/2022,Kailh,Linear,30,18,8,12,9,77,72.5,,,,,,,,,,,,
54,Gateron Lunar Probe,2/25/2024,Gateron,Linear,31,16,8,14,6,75,72.5,,,,,,,,,,,,
56,Novelkeys Cream+ (Copper Insert),1/1/2023,Kailh,Linear,28,18,7,15,8,76,72.3,,,,,,,,,,,,
57,Wingtree Yuci HE,11/30/2025,Co-Gain/XUDA,Linear,27,24,4,13,5,73,72.2,,,,,,,,,,,,
58,SW Cocoblack,9/21/2025,Durock/JWK,Linear,27,22,8,12,4,73,72.1,,,,,,,,,,,,
59,Akko Creamy Yellow U1,8/16/2026,Huano,Linear,28,18,6,16,4,72,72.0,,,,,,,,,,,,
60,Gateron Vermilion Bird,8/15/2021,Gateron,Linear,30,17,8,15,7,77,71.9,,,,,,,,,,,,
60,Kailh Prestige Delighted,8/11/2024,Kailh,Linear,29,16,8,13,8,74,71.9,,,,,,,,,,,,
60,Akko Flash Magnetic,8/9/2026,Outemu,Linear,28,20,4,15,5,72,71.9,,,,,,,,,,,,
63,HMX Yogurt S (37g),6/28/2026,HMX,Linear,28,21,5,12,6,72,71.8,,,,,,,,,,,,
64,Jerrzi Poseidon,5/5/2024,Jerrzi,Linear,28,22,5,11,8,74,71.7,,,,,,,,,,,,
65,Keygeek Cera X (48g),4/12/2026,Keygeek,Linear,28,21,7,11,5,72,71.6,,,,,,,,,,,,
66,Leobog Wing Chun Magnetic,3/16/2025,SOAI,Linear,29,23,8,8,5,73,71.5,,,,,,,,,,,,
66,NK Silk Mictlan,3/5/2023,Durock/JWK,Linear,29,17,6,16,7,75,71.5,,,,,,,,,,,,
68,Durock POM Linear (Sample),12/20/2020,Durock/JWK,Linear,29,22,6,13,7,77,71.3,,,,,,,,,,,,
68,Unionwell Polar Magnetic Pro+,12/14/2025,Greetech,Linear,30,21,6,9,6,72,71.3,,,,,,,,,,,,
70,Gateron X Yellow,11/7/2021,Gateron,Linear,28,17,7,17,7,76,71.2,,,,,,,,,,,,
70,EMT V2,10/30/2022,Haimu,Linear,29,18,8,13,7,75,71.2,,,,,,,,,,,,
72,Gateron Box Ink Black,10/24/2021,Gateron,Linear,29,18,8,15,6,76,71.1,,,,,,,,,,,,
72,Gateron Cream Soda,10/23/2022,Gateron,Linear,29,18,7,14,7,75,71.1,,,,,,,,,,,,
72,Gateron Box Ink Pink,10/16/2021,Gateron,Linear,29,19,7,15,6,76,71.1,,,,,,,,,,,,
75,Gateron Icey Spring,9/20/2026,Gateron,Linear,29,20,5,11,6,71,71.0,,,,,,,,,,,,
76,Blueberry Swirl,6/4/2023,KTT,Linear,27,19,6,15,7,74,70.8,,,,,,,,,,,,
77,Hoshizora,5/22/2022,Durock/JWK,Linear,29,21,5,13,7,75,70.7,,,,,,,,,,,,
78,TTC Speed Gold V2,4/6/2025,TTC,Linear,29,21,7,10,5,72,70.6,,,,,,,,,,,,
79,Akko CS Rose Red,3/21/2021,KTT,Linear,29,19,5,16,7,76,70.5,,,,,,,,,,,,
80,BSUN Agarwood,2/9/2025,BSUN,Linear,30,16,8,13,5,72,70.4,,,,,,,,,,,,
81,Novelkeys Cream+ (Titanium Insert),1/1/2023,Kailh,Linear,27,18,6,15,8,74,70.3,,,,,,,,,,,,
81,Invokeys Purple Rice,12/17/2023,BSUN,Linear,28,19,6,14,6,73,70.3,,,,,,,,,,,,
83,KTT Wine Red Pro,11/2/2025,KTT,Linear,28,18,6,13,6,71,70.2,,,,,,,,,,,,
84,Diamond Avalon,10/1/2023,Unknown,Linear,26,19,5,15,8,73,70.1,,,,,,,,,,,,
85,Keychron x Gateron Aurora,9/8/2024,Gateron,Linear,28,17,5,15,7,72,70.0,,,,,,,,,,,,
85,Keygeek Sunflower,9/7/2025,Keygeek,Linear,29,19,6,12,5,71,70.0,,,,,,,,,,,,
87,Quartz,8/1/2021,Durock/JWK,Linear,30,21,5,13,6,75,69.9,,,,,,,,,,,,
88,Huano Fi,7/2/2023,Huano,Linear,28,18,6,13,8,73,69.8,,,,,,,,,,,,
89,"TTC Magneto, King of Magnets POM",3/16/2025,TTC,Linear,28,22,5,10,6,71,69.5,,,,,,,,,,,,
89,Obsidian Pro,2/20/2022,Durock/JWK,Linear,30,16,7,14,7,74,69.5,,,,,,,,,,,,
91,Gateron Magnetic Jade Delta Dark,2/1/2026,Gateron,Linear,30,19,8,8,5,70,69.4,,,,,,,,,,,,
92,Novelkeys Cream+ (No Insert),1/1/2023,Kailh,Linear,26,18,6,15,8,73,69.3,,,,,,,,,,,,
92,Lavenders,1/2/2020,Durock/JWK,Linear,29,20,7,13,7,76,69.3,,,,,,,,,,,,
94,Ajazz x Huano Peach,9/26/2021,Huano,Linear,29,16,7,15,7,74,69.1,,,,,,,,,,,,
95,TTC Wild (42g.),9/5/2021,TTC,Linear,29,18,5,14,8,74,69.0,,,,,,,,,,,,
95,"Wingtree Nezuko (Dry, 55g)",9/20/2026,Wingtree,Linear,28,18,5,12,6,69,69.0,,,,,,,,,,,,
97,Raed,4/25/2021,Tecsee,Linear,27,17,7,16,7,74,68.6,,,,,,,,,,,,
98,Keygeek Muse,2/15/2026,Keygeek,Linear,26,18,6,13,6,69,68.5,,,,,,,,,,,,
99,Jerrzi Blueberry Mousse,2/2/2025,Jerrzi,Linear,28,18,6,13,5,70,68.4,,,,,,,,,,,,
99,Gamakay Jupiter,1/28/2024,Outemu,Linear,29,18,5,13,6,71,68.4,,,,,,,,,,,,
99,Kailh Calligraphy,1/25/2026,Kailh,Linear,27,20,4,11,7,69,68.4,,,,,,,,,,,,
102,Mitarashi Dango,12/29/2024,Unknown,Linear,29,16,6,15,4,70,68.3,,,,,,,,,,,,
102,BSUN Milk Tea Siam V2,12/15/2024,BSUN,Linear,28,18,7,12,5,70,68.3,,,,,,,,,,,,
104,Akko CS Starfish,11/21/2021,KTT,Linear,29,20,5,14,5,73,68.2,,,,,,,,,,,,
105,Novelkeys Dream Cream,10/16/2022,Kailh,Linear,27,18,6,13,8,72,68.1,,,,,,,,,,,,
105,Gateron CJ,10/3/2021,Gateron,Linear,29,19,5,14,6,73,68.1,,,,,,,,,,,,
105,Gateron Pro Ultra Glory Yellow,9/29/2024,Gateron,Linear,29,17,7,12,5,70,68.1,,,,,,,,,,,,
108,KTT Lightning V2,9/6/2026,KTT,Linear,28,19,6,10,5,68,68.0,,,,,,,,,,,,
109,Penyu,8/15/2021,Durock/JWK,Linear,26,19,5,16,7,73,67.9,,,,,,,,,,,,
110,Durock Mocha Silk,6/22/2025,Durock/JWK,Linear,27,19,5,12,6,69,67.8,,,,,,,,,,,,
111,Huano Pineapple,5/28/2023,Huano,Linear,28,17,7,14,5,71,67.7,,,,,,,,,,,,
112,Wingtree Camellia (52g),4/26/2026,Wingtree,Linear,28,18,6,12,4,68,67.6,,,,,,,,,,,,
112,Geon Raptor MX,4/7/2024,BSUN,Linear,27,18,5,15,5,70,67.6,,,,,,,,,,,,
112,Gateron Hippo,4/4/2021,Gateron,Linear,28,19,5,14,7,73,67.6,,,,,,,,,,,,
115,Feker Emerald Cabbage,1/21/2024,Unknown,Linear,28,18,7,11,6,70,67.4,,,,,,,,,,,,
116,Akko CS Jelly White,11/21/2021,KTT,Linear,27,19,6,15,5,72,67.2,,,,,,,,,,,,
116,Akko V3 Cream Yellow,11/20/2022,KTT,Linear,27,16,6,16,6,71,67.2,,,,,,,,,,,,
118,Meow Claw V2,9/12/2021,Huano,Linear,27,21,6,12,6,72,67.0,,,,,,,,,,,,
118,Cherry MX2A RGB Black (3 Pin),8/27/2023,Cherry,Linear,26,17,5,16,6,70,67.0,,,,,,,,,,,,
120,Gateron Yellow KS-8,8/1/2021,Gateron,Linear,27,15,6,16,8,72,66.9,,,,,,,,,,,,
121,KTT Teresa,3/30/2025,KTT,Linear,27,19,5,12,5,68,66.6,,,,,,,,,,,,
121,PantheonKeys x TTC PT Black,3/29/2026,TTC,Linear,27,18,4,13,5,67,66.6,,,,,,,,,,,,
121,Kailh Extreme Slippery,3/23/2025,Kailh,Linear,28,17,7,11,5,68,66.6,,,,,,,,,,,,
124,Kailh Box Speed Ultimate,2/13/2022,Kailh,Linear,30,17,4,14,6,71,66.4,,,,,,,,,,,,
124,Huano Earth Yellow,2/5/2023,Huano,Linear,28,17,6,13,6,70,66.4,,,,,,,,,,,,
124,Long Hua Cardamom,1/19/2025,Kailh,Linear,28,16,6,10,8,68,66.4,,,,,,,,,,,,
127,Rubrehose Brown,1/8/2023,Tecsee,Linear,27,17,6,13,7,70,66.3,,,,,,,,,,,,
128,Akko Dracula,12/1/2024,Outemu,Linear,28,18,5,12,5,68,66.2,,,,,,,,,,,,
128,HMX Anti,11/22/2025,HMX,Linear,28,16,6,9,8,67,66.2,,,,,,,,,,,,
130,Auralite,8/29/2021,Tecsee,Linear,27,18,6,14,6,71,66.0,,,,,,,,,,,,
131,DareU Mahjong,8/6/2023,Huano,Linear,26,18,5,12,8,69,65.9,,,,,,,,,,,,
131,Star Grey,8/1/2021,SP Star,Linear,28,16,7,13,7,71,65.9,,,,,,,,,,,,
133,Zeal Pearlio,7/3/2022,Gateron,Linear,29,22,6,8,5,70,65.8,,,,,,,,,,,,
133,KTT Kang White,6/20/2021,KTT,Linear,28,15,7,14,7,71,65.8,,,,,,,,,,,,
135,Husky,5/30/2021,Tecsee,Linear,28,17,6,14,6,71,65.7,,,,,,,,,,,,
135,Gateron Deepping,5/26/2024,Gateron,Linear,30,18,7,10,3,68,65.7,,,,,,,,,,,,
137,HMX Crisp,4/12/2026,HMX,Linear,26,23,3,10,4,66,65.6,,,,,,,,,,,,
138,Everfree Fast Silver,2/8/2026,Gateron,Linear,28,16,6,12,4,66,65.4,,,,,,,,,,,,
138,SP Star Marble Soda Melon,1/16/2022,SP Star,Linear,27,18,6,13,6,70,65.4,,,,,,,,,,,,
140,Spring Switch,12/17/2023,BSUN,Linear,28,19,6,9,6,68,65.3,,,,,,,,,,,,
141,Qeeke Begonia (Crabapple),10/21/2023,Jerrzi,Linear,27,17,7,11,6,68,65.1,,,,,,,,,,,,
142,KFA Lubed Pink Robin,9/11/2022,Aflion,Linear,27,17,5,14,6,69,65.0,,,,,,,,,,,,
142,Wuque WS POM+,8/18/2024,Gateron,Linear,29,15,6,14,3,67,65.0,,,,,,,,,,,,
144,Novelkeys Cream Arc,5/29/2022,Kailh,Linear,28,18,5,12,6,69,64.7,,,,,,,,,,,,
144,Kingfishers,5/22/2022,Tecsee,Linear,28,18,7,10,6,69,64.7,,,,,,,,,,,,
144,Gateron UHMknown,4/30/2023,Gateron,Linear,28,16,6,12,6,68,64.7,,,,,,,,,,,,
147,Gateron Mink,4/3/2022,Gateron,Linear,27,15,6,14,7,69,64.6,,,,,,,,,,,,
148,Cherry Viola,2/25/2024,Cherry,Linear,27,16,5,12,7,67,64.5,,,,,,,,,,,,
149,Cherry MX Firefinch,1/4/2026,Cherry,Linear,28,17,5,10,5,65,64.3,,,,,,,,,,,,
149,SP Star Sacramento,12/26/2021,SP Star,Linear,26,17,6,13,7,69,64.3,,,,,,,,,,,,
151,Mengmoda Ice Cream,10/21/2023,SOAI,Linear,28,16,7,10,6,67,64.1,,,,,,,,,,,,
152,Lubed Black Geon Switch,8/7/2022,Tecsee,Linear,27,16,6,14,5,68,63.9,,,,,,,,,,,,
153,Zeal Clickiez 75g. (Linear),7/10/2022,Gateron,Linear,27,18,5,13,5,68,63.8,,,,,,,,,,,,
153,Gateron Dual-Rail Magnetic Orange,6/9/2024,Gateron,Linear,27,18,4,10,7,66,63.8,,,,,,,,,,,,
155,Mode Reflex,5/22/2022,Durock/JWK,Linear,27,16,4,15,6,68,63.7,,,,,,,,,,,,
156,Lumia Matcha (62g),3/20/2022,Unknown,Linear,26,17,7,11,7,68,63.5,,,,,,,,,,,,
156,Kailh Box Spring,3/17/2024,Kailh,Linear,28,17,6,10,5,66,63.5,,,,,,,,,,,,
158,Tsavorite,1/30/2022,Durock/JWK,Linear,27,17,6,12,6,68,63.4,,,,,,,,,,,,
159,Huano Grape Orange,11/17/2024,Huano,Linear,27,16,6,11,5,65,63.2,,,,,,,,,,,,
159,Sarokeys BCP,11/12/2023,BSUN,Linear,27,17,6,13,3,66,63.2,,,,,,,,,,,,
161,Cow Orange,10/10/2021,Tecsee,Linear,25,18,6,13,6,68,63.1,,,,,,,,,,,,
162,TTC Gold Pink,8/1/2021,TTC,Linear,27,15,6,14,6,68,62.9,,,,,,,,,,,,
162,Cherry MX Orange,7/21/2024,Cherry,Linear,25,17,5,13,5,65,62.9,,,,,,,,,,,,
164,Designer Studio Graphite Gold,6/26/2022,Durock/JWK,Linear,27,16,6,11,7,67,62.8,,,,,,,,,,,,
165,BSUN POM Linear,2/23/2021,BSUN,Linear,29,15,6,13,5,68,62.5,,,,,,,,,,,,
166,Opblack,2/13/2020,Durock/JWK,Linear,28,15,6,14,6,69,62.4,,,,,,,,,,,,
167,Gateron Mochi,11/7/2021,Gateron,Linear,27,16,5,14,5,67,62.2,,,,,,,,,,,,
167,Zealios V1 Linear,11/7/2021,Gateron,Linear,24,15,5,15,8,67,62.2,,,,,,,,,,,,
169,KTT Sea Salt,9/12/2021,KTT,Linear,27,14,7,13,6,67,62.0,,,,,,,,,,,,
170,TTC Magnetic Snake White CNY,8/3/2025,TTC,Linear,28,18,5,9,3,63,61.9,,,,,,,,,,,,
171,KTT Peach,6/20/2021,KTT,Linear,27,14,7,13,6,67,61.8,,,,,,,,,,,,
172,43 Studio Jing,4/7/2024,Durock/JWK,Linear,26,20,5,9,4,64,61.6,,,,,,,,,,,,
172,NK x Kailh Speed Heavy Dark Yellow,3/26/2023,Kailh,Linear,26,15,7,10,7,65,61.6,,,,,,,,,,,,
174,Kailh x Melgeek Hornet HE,12/22/2024,Kailh,Linear,27,17,5,8,6,63,61.3,,,,,,,,,,,,
175,RAMA WORKS Duck,7/24/2022,Gateron,Linear,29,20,6,5,5,65,60.9,,,,,,,,,,,,
175,Vertex V1 (Unlubed),7/23/2023,Durock/JWK,Linear,25,17,5,13,4,64,60.9,,,,,,,,,,,,
177,Gateron Luciola,6/4/2023,Gateron,Linear,26,18,4,11,5,64,60.8,,,,,,,,,,,,
178,Chosfox Hanami Dango Pink,5/21/2023,Durock/JWK,Linear,25,17,4,12,6,64,60.7,,,,,,,,,,,,
178,Novelkeys Box Cream,5/9/2021,Kailh,Linear,25,16,5,14,6,66,60.7,,,,,,,,,,,,
180,Tecsee Volcano Linear,4/6/2025,Tecsee,Linear,27,15,6,10,4,62,60.6,,,,,,,,,,,,
181,BSUN Pikachu,2/5/2023,BSUN,Linear,27,16,5,11,5,64,60.4,,,,,,,,,,,,
181,LCET Christmas Star,2/2/2025,Unknown,Linear,26,15,5,10,6,62,60.4,,,,,,,,,,,,
183,Leobog Nimbus,10/21/2023,SOAI,Linear,26,17,5,10,5,63,60.1,,,,,,,,,,,,
184,Strawberry Jelly V2,6/5/2022,Huano,Linear,24,21,4,11,4,64,59.8,,,,,,,,,,,,
185,Original Aspiration (Release),2/3/2021,Durock/JWK,Linear,27,18,3,12,5,65,59.4,,,,,,,,,,,,
185,SP Star Ayara,1/30/2022,SP Star,Linear,26,16,6,11,5,64,59.4,,,,,,,,,,,,
185,Kailh Pro Burgundy (Plate Mount),1/16/2022,Kailh,Linear,25,14,5,13,7,64,59.4,,,,,,,,,,,,
188,Melgeek Plastic,11/19/2023,Kailh,Linear,27,18,4,9,4,62,59.2,,,,,,,,,,,,
189,RRE Blacks,10/24/2021,Unknown,Linear,24,15,6,14,5,64,59.1,,,,,,,,,,,,
190,Lekker V2 45g Linear,7/20/2025,Grain Gold,Linear,26,17,3,10,4,60,58.9,,,,,,,,,,,,
191,Frost Panda,6/6/2021,Tecsee,Linear,24,18,6,11,5,64,58.8,,,,,,,,,,,,
192,Tecsee Christmas Dolphin,3/17/2024,Tecsee,Linear,26,12,5,11,7,61,58.5,,,,,,,,,,,,
193,Varmilo EC V2 Rose,10/21/2023,Unknown,Linear,25,15,4,12,5,61,58.1,,,,,,,,,,,,
194,KTT Cloud Blue,9/12/2021,KTT,Linear,26,14,6,12,5,63,58.0,,,,,,,,,,,,
194,Taiwan Jet Axis Yellow,8/22/2021,Unknown,Linear,20,22,6,10,5,63,58.0,,,,,,,,,,,,
196,KTT Cabbage Tofu,6/5/2022,KTT,Linear,27,15,5,11,4,62,57.8,,,,,,,,,,,,
196,Queen,6/6/2021,Durock/JWK,Linear,26,17,4,11,5,63,57.8,,,,,,,,,,,,
198,Varmilo EC V2 Daisy,10/21/2023,Unknown,Linear,25,13,4,12,6,60,57.1,,,,,,,,,,,,
198,Kailh Box Rose Red,9/26/2021,Kailh,Linear,25,17,5,12,3,62,57.1,,,,,,,,,,,,
200,Original Aspiration (Sample),9/18/2020,Durock/JWK,Linear,28,17,4,10,4,63,57.0,,,,,,,,,,,,
201,Hyte Fluffy Lavender,8/3/2025,Unknown,Linear,26,14,4,10,4,58,56.9,,,,,,,,,,,,
201,Kailh Box Dark Chocolate,7/20/2025,Kailh,Linear,25,18,3,8,4,58,56.9,,,,,,,,,,,,
203,8008 Ink,5/22/2022,Gateron,Linear,26,15,4,11,5,61,56.7,,,,,,,,,,,,
203,Everglide Sky Blue V2.5,5/22/2022,Durock/JWK,Linear,26,16,5,9,5,61,56.7,,,,,,,,,,,,
205,Everglide Lightning Silver Light Green,1/30/2022,Durock/JWK,Linear,24,18,4,8,7,61,56.4,,,,,,,,,,,,
205,Gateron Ink Yellow V2,1/16/2022,Gateron,Linear,23,13,5,14,6,61,56.4,,,,,,,,,,,,
207,Varmilo EC V2 Sakura,10/21/2023,Unknown,Linear,25,13,4,12,5,59,56.1,,,,,,,,,,,,
208,Everglide Sakura Pink V2,8/1/2021,Durock/JWK,Linear,26,12,5,12,6,61,55.9,,,,,,,,,,,,
209,Greetech Sunset,4/14/2024,Greetech,Linear,26,14,4,8,6,58,55.6,,,,,,,,,,,,
210,Attack Shark Green Jelly,1/19/2025,Unknown,Linear,25,15,3,10,4,57,55.4,,,,,,,,,,,,
211,Popu,12/5/2021,Durock/JWK,Linear,26,16,2,11,5,60,55.3,,,,,,,,,,,,
212,Gateron Keyfirst Cream,9/12/2021,Gateron,Linear,25,16,4,10,5,60,55.0,,,,,,,,,,,,
212,Gateron Robin,9/12/2021,Gateron,Linear,23,16,4,12,5,60,55.0,,,,,,,,,,,,
214,Monka V3 Cherry Powder,6/25/2023,Haimu,Linear,22,17,3,11,5,58,54.8,,,,,,,,,,,,
215,Novelkeys Launch Creams,10/10/2021,Kailh,Linear,26,13,2,14,4,59,54.1,,,,,,,,,,,,
216,C3 Macho,9/12/2021,Durock/JWK,Linear,26,14,4,10,5,59,54.0,,,,,,,,,,,,
217,Konpeitou,7/25/2021,Durock/JWK,Linear,24,16,4,10,5,59,53.9,,,,,,,,,,,,
218,HTMZ Pink,6/8/2025,Yusya,Linear,25,15,4,8,3,55,53.8,,,,,,,,,,,,
219,Tecsee Honey Peach,2/18/2024,Tecsee,Linear,22,17,2,9,6,56,53.5,,,,,,,,,,,,
220,Obsidian L,12/18/2022,Durock/JWK,Linear,20,14,5,11,6,56,52.3,,,,,,,,,,,,
221,Doom Linear,5/25/2025,Meirun,Linear,22,15,3,8,5,53,51.7,,,,,,,,,,,,
222,Gateron Slate Grey,1/21/2021,Gateron,Linear,24,13,4,12,4,57,51.4,,,,,,,,,,,,
223,Gateron N1,8/15/2021,Gateron,Linear,24,14,5,8,5,56,50.9,,,,,,,,,,,,
223,Everglide Amber Orange V2 Pro!,8/1/2021,Durock/JWK,Linear,24,12,5,10,5,56,50.9,,,,,,,,,,,,
225,NK x Kailh Chocolate,6/20/2021,Kailh,Linear,24,14,3,10,5,56,50.8,,,,,,,,,,,,
226,Snow Whites,5/22/2022,Durock/JWK,Linear,26,14,5,7,3,55,50.7,,,,,,,,,,,,
227,Gateron Mini,3/6/2022,Gateron,Linear,23,13,4,11,4,55,50.5,,,,,,,,,,,,
228,Honeycomb,1/8/2023,Meirun,Linear,21,18,3,8,4,54,50.3,,,,,,,,,,,,
229,Huano Silver,10/24/2021,Huano,Linear,23,13,4,11,4,55,50.1,,,,,,,,,,,,
230,Glorious Lynx (Unlubed),8/29/2021,Tecsee,Linear,23,14,4,9,5,55,50.0,,,,,,,,,,,,
231,Paigu Mocha Cheese,6/16/2024,Unknown,Linear,22,16,2,9,3,52,49.8,,,,,,,,,,,,
232,Everglide Coral Red V2 Pro!,8/1/2021,Durock/JWK,Linear,22,12,5,10,5,54,48.9,,,,,,,,,,,,
233,Greetech Razer Yellow,1/16/2022,Greetech,Linear,23,13,5,7,4,52,47.4,,,,,,,,,,,,
234,Teton Cream,10/9/2022,Unknown,Linear,19,13,3,9,6,50,46.1,,,,,,,,,,,,
235,KK Lightwave,8/15/2021,Tecsee,Linear,22,11,5,7,5,50,44.9,,,,,,,,,,,,
236,Akko Pink,1/16/2022,Huano,Linear,19,13,4,9,4,49,44.4,,,,,,,,,,,,
237,LCET Red (Black Bottom),5/21/2023,Unknown,Linear,17,14,3,9,4,47,43.7,,,,,,,,,,,,
238,TTC Razer Dustproof Yellow,10/9/2022,TTC,Linear,20,14,3,7,3,47,43.1,,,,,,,,,,,,
,,,,,,,,,,,,,,,,,,,,,,,
AVG,AVERAGE OF ALL,,-,-,27.3,18.0,5.7,12.3,5.9,69.2,66.0,,,,,,,,,,,,
 - TACTILE RANKINGS -,,,,,,,,,,,,,,,,,,,,,,,
Rank,Switch Name,Date,Manufacturer,Type,Push Feel,Wobble,Sound,Context,Other,"Timeless
Total","Time Wtd. 
Total",,,,,,,,,,,,
1,U4T (62g),3/26/2023,Outemu,Tactile,32,23,8,15,8,86,82.6,,,,,,,,,,,,
2,AEBoards Naevy EC,3/9/2025,Tecsee,Tactile,29,24,6,15,10,84,82.5,,,,,,,,,,,,
3,Gateron Lanes,9/14/2025,Gateron,Tactile,32,18,6,17,9,82,81.0,,,,,,,,,,,,
4,Hojicha Reserve,9/15/2024,BSUN,Tactile,30,21,7,16,8,82,80.0,,,,,,,,,,,,
5,Wingtree BM11,4/12/2026,Wingtree,Tactile,29,24,7,13,6,79,78.6,,,,,,,,,,,,
6,Sillyworks x Gateron Type R,1/12/2025,Gateron,Tactile,31,18,8,14,9,80,78.4,,,,,,,,,,,,
7,Gateron Longjing Tea,7/6/2025,Gateron,Tactile,29,23,6,15,6,79,77.8,,,,,,,,,,,,
8,Penguins,3/26/2023,Durock/JWK,Tactile,27,22,6,17,8,80,76.6,,,,,,,,,,,,
9,BSUN Golden Apple,3/1/2026,BSUN,Tactile,30,21,9,10,6,76,75.5,,,,,,,,,,,,
10,Cookies n' Cream,1/29/2024,KTT,Tactile,28,22,5,16,7,78,75.4,,,,,,,,,,,,
11,Wuque Light Tactile,6/16/2024,Haimu,Tactile,29,18,8,16,6,77,74.8,,,,,,,,,,,,
12,Akko Cilantro,5/18/2025,HMX,Tactile,28,23,5,15,5,76,74.7,,,,,,,,,,,,
13,HMX Firecracker,11/2/2025,HMX,Tactile,28,23,5,12,7,75,74.2,,,,,,,,,,,,
14,Invokeys Blueberry Chiffon,8/21/2022,Aflion,Tactile,28,20,6,17,7,78,74.0,,,,,,,,,,,,
15,C3 Kiwi,8/1/2021,Durock/JWK,Tactile,29,19,8,15,8,79,73.9,,,,,,,,,,,,
16,Zeal Clickiez 75g. (Tactile),7/10/2022,Gateron,Tactile,28,20,7,15,8,78,73.8,,,,,,,,,,,,
17,Tecsee Purple Panda,5/9/2021,Tecsee,Tactile,29,22,8,14,6,79,73.7,,,,,,,,,,,,
18,SP Star Magic Girl (Classic),3/26/2023,SP Star,Tactile,30,17,8,16,6,77,73.6,,,,,,,,,,,,
19,HMX Black Cat,2/22/2026,HMX,Tactile,29,19,7,14,5,74,73.5,,,,,,,,,,,,
20,HMX Frog,1/18/2026,HMX,Tactile,29,23,5,12,5,74,73.4,,,,,,,,,,,,
21,BSUN Peach Mellow,9/21/2025,BSUN,Tactile,29,19,7,13,6,74,73.1,,,,,,,,,,,,
22,Harimau,8/8/2021,Durock/JWK,Tactile,30,19,6,16,7,78,72.9,,,,,,,,,,,,
22,Haimu Frost Crystal,7/26/2026,Haimu,Tactile,29,21,4,13,6,73,72.9,,,,,,,,,,,,
24,HMX Hydra,4/12/2026,HMX,Tactile,28,22,5,13,5,73,72.6,,,,,,,,,,,,
24,HMX Valerian,4/5/2026,HMX,Tactile,29,19,6,13,6,73,72.6,,,,,,,,,,,,
26,MODE Tomorrow,1/15/2023,Outemu,Tactile,28,20,6,16,6,76,72.4,,,,,,,,,,,,
26,HMX Snowfall,1/11/2026,HMX,Tactile,26,23,5,13,6,73,72.4,,,,,,,,,,,,
28,Akko Bittersweet,11/30/2025,Outemu,Tactile,28,20,5,15,5,73,72.2,,,,,,,,,,,,
29,Invokeys Goji Reserve,10/26/2025,BSUN,Tactile,29,17,5,16,6,73,72.1,,,,,,,,,,,,
30,CK x Haimu Pastel Thistle,7/23/2023,Haimu,Tactile,29,18,5,16,7,75,71.9,,,,,,,,,,,,
31,Naevy V1.5,4/18/2021,Tecsee,Tactile,29,17,8,16,7,77,71.6,,,,,,,,,,,,
31,NuPhy Lemon,4/6/2025,Gateron,Tactile,28,18,6,15,6,73,71.6,,,,,,,,,,,,
33,Aflion Thunder Shadow,3/17/2024,Aflion,Tactile,26,22,7,14,5,74,71.5,,,,,,,,,,,,
33,Holy Panda X,3/1/2022,Gateron,Tactile,31,23,5,13,4,76,71.5,,,,,,,,,,,,
35,Ajazz x Huano Kiwi,10/10/2021,Huano,Tactile,30,16,6,15,9,76,71.1,,,,,,,,,,,,
35,Cherry MX Falcon,10/5/2025,Cherry,Tactile,29,18,5,14,6,72,71.1,,,,,,,,,,,,
37,Kailh Xuan,8/30/2026,Kailh,Tactile,29,19,4,11,8,71,71.0,,,,,,,,,,,,
38,Tecsee Ice Milk Tactile,6/19/2022,Tecsee,Tactile,29,18,6,15,7,75,70.8,,,,,,,,,,,,
38,Momoka Shark,6/12/2022,Momoka,Tactile,29,18,6,15,7,75,70.8,,,,,,,,,,,,
40,Everfree Grayish Tactile,4/28/2024,Gateron,Tactile,27,18,5,16,7,73,70.7,,,,,,,,,,,,
41,Aflion Black and Orange,4/17/2022,Aflion,Tactile,28,23,7,11,6,75,70.6,,,,,,,,,,,,
42,Gateron Full POM Banana Smoothie,2/8/2026,Gateron,Tactile,27,21,5,13,5,71,70.4,,,,,,,,,,,,
43,Zealio V1 Redux (62g),11/28/2021,Gateron,Tactile,29,19,6,15,6,75,70.2,,,,,,,,,,,,
44,Ajazz x Huano Banana,9/19/2021,Huano,Tactile,30,16,7,15,7,75,70.0,,,,,,,,,,,,
44,Wingtree Torrero,9/6/2026,Wingtree,Tactile,27,18,5,14,6,70,70.0,,,,,,,,,,,,
46,Chosfox Hanami Dango Green,5/21/2023,Durock/JWK,Tactile,25,23,5,14,6,73,69.7,,,,,,,,,,,,
46,Neapolitan Ice Creams,5/2/2021,Tecsee,Tactile,30,14,7,16,8,75,69.7,,,,,,,,,,,,
48,Tecsee Sapphire,3/26/2023,Tecsee,Tactile,30,17,7,11,8,73,69.6,,,,,,,,,,,,
49,HMX Longjing S,1/11/2026,HMX,Tactile,25,21,5,14,5,70,69.4,,,,,,,,,,,,
50,Keychron Super Banana,12/22/2024,Unknown,Tactile,26,22,3,16,4,71,69.3,,,,,,,,,,,,
50,Zaku II,12/10/2023,Tecsee,Tactile,28,17,6,15,6,72,69.3,,,,,,,,,,,,
50,Gateron SolDark,12/5/2021,Gateron,Tactile,29,16,5,16,8,74,69.3,,,,,,,,,,,,
53,Ice Kachang (Unlubed),11/5/2023,Aflion,Tactile,27,20,6,13,6,72,69.2,,,,,,,,,,,,
54,JKDK x XCJZ Hillstone,9/24/2023,BSUN,Tactile,28,18,7,13,6,72,69.1,,,,,,,,,,,,
55,KTT Mallo,8/29/2021,KTT,Tactile,30,16,6,15,7,74,69.0,,,,,,,,,,,,
56,JWICK Taro,8/14/2022,Durock/JWK,Tactile,26,20,5,14,8,73,68.9,,,,,,,,,,,,
57,Sillyworks x HMX Waverider V2,5/3/2026,HMX,Tactile,26,23,4,12,4,69,68.7,,,,,,,,,,,,
58,Leobog Interstellar,3/16/2025,SOAI,Tactile,26,21,6,11,6,70,68.5,,,,,,,,,,,,
59,Gateron Magnetic Jade Emerald,10/11/2025,Gateron,Tactile,27,21,5,13,3,69,68.1,,,,,,,,,,,,
60,Amethyst,8/9/2021,Tecsee,Tactile,28,18,7,14,6,73,67.9,,,,,,,,,,,,
61,BSUN Mozzarella,6/28/2026,BSUN,Tactile,28,18,5,11,6,68,67.8,,,,,,,,,,,,
62,Cherry MX Ergo Clear (3 Pin),5/7/2023,Cherry,Tactile,28,16,5,15,7,71,67.7,,,,,,,,,,,,
63,Gateron Root Beer Float,4/16/2023,Gateron,Tactile,28,18,5,14,6,71,67.6,,,,,,,,,,,,
64,Akko CS Sponge,11/21/2021,KTT,Tactile,27,20,6,14,5,72,67.2,,,,,,,,,,,,
64,Akko V3 Cream Blue,11/20/2022,KTT,Tactile,26,19,5,15,6,71,67.2,,,,,,,,,,,,
66,Gateron Azure Dragon,8/15/2021,Gateron,Tactile,29,17,6,14,6,72,66.9,,,,,,,,,,,,
66,Glorious Panda,8/1/2021,Tecsee,Tactile,30,16,5,13,8,72,66.9,,,,,,,,,,,,
68,Durock Mocha Chocolate,6/22/2025,Durock/JWK,Tactile,26,19,5,12,6,68,66.8,,,,,,,,,,,,
69,Zuoce Litchi Milk,5/25/2025,Unknown,Tactile,27,18,5,12,6,68,66.7,,,,,,,,,,,,
70,TTC Blueish White,3/26/2023,TTC,Tactile,28,15,6,14,7,70,66.6,,,,,,,,,,,,
72,KTT Matcha,3/21/2021,KTT,Tactile,28,20,5,13,6,72,66.5,,,,,,,,,,,,
70,KTT Blueberry Ice Cream,3/22/2026,KTT,Tactile,26,20,5,11,5,67,66.6,,,,,,,,,,,,
73,Gateron Azure Dragon V2,12/11/2022,Gateron,Tactile,27,19,5,13,6,70,66.3,,,,,,,,,,,,
74,Gateron Azure Dragon V4,11/30/2025,Gateron,Tactile,27,19,4,14,3,67,66.2,,,,,,,,,,,,
74,Cherry MX Petal,11/8/2025,Cherry,Tactile,27,16,5,12,7,67,66.2,,,,,,,,,,,,
74,Betty,11/6/2022,Haimu,Tactile,27,18,6,13,6,70,66.2,,,,,,,,,,,,
77,BSUN Strawberry Cheesecake,8/11/2024,BSUN,Tactile,29,16,5,15,3,68,65.9,,,,,,,,,,,,
77,Anubis,8/1/2021,Durock/JWK,Tactile,29,15,7,13,7,71,65.9,,,,,,,,,,,,
77,Star Purple,8/1/2021,SP Star,Tactile,29,16,6,13,7,71,65.9,,,,,,,,,,,,
80,Mode Signal,5/22/2022,Durock/JWK,Tactile,28,16,4,15,7,70,65.7,,,,,,,,,,,,
81,Gamakay Venus,1/28/2024,Outemu,Tactile,26,18,5,13,6,68,65.4,,,,,,,,,,,,
81,Gateron Green Apple,1/26/2025,Gateron,Tactile,28,15,6,14,4,67,65.4,,,,,,,,,,,,
83,Cherry MX Purple,1/7/2024,Cherry,Tactile,28,17,6,12,5,68,65.3,,,,,,,,,,,,
84,KTT Wind Phantom,12/1/2024,KTT,Tactile,27,20,4,12,4,67,65.2,,,,,,,,,,,,
85,Tecsee Sapphire V2,9/12/2021,Tecsee,Tactile,30,15,8,11,6,70,65.0,,,,,,,,,,,,
86,Zeal Crystal,7/3/2022,Gateron,Tactile,28,20,5,10,6,69,64.8,,,,,,,,,,,,
87,Gateron Cap Brown,4/11/2021,Gateron,Tactile,28,15,7,14,6,70,64.6,,,,,,,,,,,,
88,Tecsee Middle Switch Tactile,10/15/2023,Tecsee,Tactile,26,16,4,14,7,67,64.1,,,,,,,,,,,,
88,BSUN Bordeaux,9/21/2025,BSUN,Tactile,27,17,5,11,5,65,64.1,,,,,,,,,,,,
90,KNC Keys Chocolate Crinkle Cookies,6/22/2025,Tecsee,Tactile,28,17,5,10,5,65,63.8,,,,,,,,,,,,
91,XCJZ Green Tea,5/25/2025,LICHICX,Tactile,26,19,4,10,6,65,63.7,,,,,,,,,,,,
92,BSUN Avocado Panda V2,2/5/2023,BSUN,Tactile,27,18,5,12,5,67,63.4,,,,,,,,,,,,
93,Long Hua Platycodon Grandiflorum,1/5/2025,Kailh,Tactile,26,15,6,10,8,65,63.3,,,,,,,,,,,,
94,Gateron Kangaroo Inks,11/21/2020,Gateron,Tactile,28,16,7,11,7,69,63.2,,,,,,,,,,,,
95,Leobog Pig Synapse,10/21/2023,SOAI,Tactile,25,22,3,12,4,66,63.1,,,,,,,,,,,,
96,Hexin Workshop Bamboo Green (60g),8/1/2021,Durock/JWK,Tactile,27,16,7,12,5,67,61.9,,,,,,,,,,,,
97,DesignerStudio White Jade,6/19/2022,Durock/JWK,Tactile,27,16,5,13,5,66,61.8,,,,,,,,,,,,
97,'Aura' Frost Panda,6/6/2021,Tecsee,Tactile,26,18,5,13,5,67,61.8,,,,,,,,,,,,
99,Musetsu,5/22/2022,Durock/JWK,Tactile,25,19,4,13,5,66,61.7,,,,,,,,,,,,
100,B.Stone Dark Eyes,4/7/2024,Unknown,Tactile,27,14,5,12,6,64,61.6,,,,,,,,,,,,
101,Keychron Phantom Brown,3/20/2022,Gateron,Tactile,23,19,4,15,5,66,61.5,,,,,,,,,,,,
102,Naevy V1,8/15/2021,Tecsee,Tactile,28,14,7,12,5,66,60.9,,,,,,,,,,,,
103,Kailh Pro Purple (Plate Mount),1/16/2022,Kailh,Tactile,24,14,6,14,7,65,60.4,,,,,,,,,,,,
104,Haimu Gray Jade Tactile,12/15/2024,Haimu,Tactile,26,16,5,12,3,62,60.3,,,,,,,,,,,,
105,Redragon Sapphire,11/6/2022,Haimu,Tactile,25,16,4,14,5,64,60.2,,,,,,,,,,,,
106,Mengmoda Honey,6/5/2022,Aflion,Tactile,26,15,5,12,6,64,59.8,,,,,,,,,,,,
107,Taro Ball,4/25/2021,Durock/JWK,Tactile,26,14,6,13,6,65,59.6,,,,,,,,,,,,
108,Akko CS Ocean Blue,3/21/2021,KTT,Tactile,23,19,4,13,6,65,59.5,,,,,,,,,,,,
109,Cream Tactile,10/31/2021,Kailh,Tactile,25,15,4,14,6,64,59.2,,,,,,,,,,,,
110,Kailh Canary,8/15/2021,Kailh,Tactile,25,16,5,13,5,64,58.9,,,,,,,,,,,,
110,Moyu Black,8/1/2021,Durock/JWK,Tactile,27,17,5,9,6,64,58.9,,,,,,,,,,,,
112,Pewters,5/22/2022,Durock/JWK,Tactile,27,14,5,11,6,63,58.7,,,,,,,,,,,,
113,Attack Shark Blue Jelly,1/19/2025,Unknown,Tactile,24,16,4,11,5,60,58.4,,,,,,,,,,,,
113,Leobog Standard Brown,1/14/2024,SOAI,Tactile,26,16,4,10,5,61,58.4,,,,,,,,,,,,
115,BSUN Banana Tactile,12/31/2023,BSUN,Tactile,26,17,4,10,4,61,58.3,,,,,,,,,,,,
116,Durock Sunflower,5/28/2021,Durock/JWK,Tactile,26,19,3,10,5,63,57.7,,,,,,,,,,,,
117,Gateron Beer,12/31/2023,Gateron,Tactile,25,15,4,11,5,60,57.3,,,,,,,,,,,,
118,Winkeyless.KR Zeal Clear,11/14/2021,Gateron,Tactile,24,11,4,16,7,62,57.2,,,,,,,,,,,,
119,G-Square Ram V2,9/8/2024,Grain Gold,Tactile,26,14,5,10,4,59,57.0,,,,,,,,,,,,
120,Cherry MX Brown (3 Pin),3/14/2021,Cherry,Tactile,21,14,4,18,5,62,56.5,,,,,,,,,,,,
121,Novelia,1/17/2021,Kailh,Tactile,26,16,4,11,5,62,56.4,,,,,,,,,,,,
122,Kailh Box Quicksand Gold,9/26/2021,Kailh,Tactile,23,17,4,12,5,61,56.1,,,,,,,,,,,,
123,NK x Kailh Speed Heavy Burnt Orange,3/26/2023,Kailh,Tactile,24,15,4,10,6,59,55.6,,,,,,,,,,,,
124,Cherry Jailhouse Blue,10/9/2022,Cherry,Tactile,24,14,5,10,6,59,55.1,,,,,,,,,,,,
125,Cherry MX Lumina Brown,7/19/2026,Cherry,Tactile,25,15,3,8,4,55,54.9,,,,,,,,,,,,
126,Tecsee Crystal Lemon,3/16/2025,Tecsee,Tactile,25,18,1,8,4,56,54.5,,,,,,,,,,,,
126,Cotton Candy,3/6/2022,Durock/JWK,Tactile,24,14,5,11,5,59,54.5,,,,,,,,,,,,
128,Ethereal Panda,5/22/2022,Tecsee,Tactile,23,18,4,8,5,58,53.7,,,,,,,,,,,,
129,Opgrey,3/26/2023,Durock/JWK,Tactile,25,13,4,7,8,57,53.6,,,,,,,,,,,,
130,Crane,9/12/2021,Durock/JWK,Tactile,23,16,3,11,5,58,53.0,,,,,,,,,,,,
131,Mengmoda Holy Panda,10/21/2023,SOAI,Tactile,23,17,1,9,5,55,52.1,,,,,,,,,,,,
132,Glorious Mako Ultralight,10/20/2024,Outemu,Tactile,21,14,2,12,4,53,51.1,,,,,,,,,,,,
133,Noppoo Brown,5/4/2025,KTT,Tactile,18,15,3,10,5,51,49.7,,,,,,,,,,,,
134,Greetech OG Brown,12/7/2025,Greetech,Tactile,19,14,3,10,4,50,49.3,,,,,,,,,,,,
135,Greetech Razer Orange,1/16/2022,Greetech,Tactile,19,13,3,7,4,46,41.4,,,,,,,,,,,,
136,TTC Razer Dustproof Orange,10/9/2022,TTC,Tactile,16,14,4,7,4,45,41.1,,,,,,,,,,,,
137,Everglide Jade Green V2,8/1/2021,Durock/JWK,Tactile,15,12,4,10,4,45,39.9,,,,,,,,,,,,
,,,,,,,,,,,,,,,,,,,,,,,
AVG,AVERAGE OF ALL,,-,-,26.8,17.9,5.3,12.9,5.9,68.8,65.8,,,,,,,,,,,,
 - SILENT LINEAR RANKINGS -,,,,,,,,,,,,,,,,,,,,,,,
Rank,Switch Name,Date,Manufacturer,Type,Push Feel,Wobble,Sound,Context,Other,"Timeless
Total","Time Wtd. 
Total",,,,,,,,,,,,
1,LICHICX Lucy,10/21/2023,LICHICX,Silent Linear,33,18,9,15,8,83,80.1,,,,,,,,,,,,
3,TTC OG Rabbit,4/23/2023,TTC,Silent Linear,31,23,8,11,8,81,77.6,,,,,,,,,,,,
2,Wingtree Pink Pink,5/17/2026,Wingtree,Silent Linear,33,17,9,14,5,78,77.7,,,,,,,,,,,,
4,WEKT Lucy R5,3/15/2026,WEKT,Silent Linear,32,17,9,15,5,78,77.5,,,,,,,,,,,,
5,Bobagum (62g),1/16/2022,Outemu,Silent Linear,28,23,8,15,8,82,77.4,,,,,,,,,,,,
6,Chosfox Summer Lime,10/8/2023,Unknown,Silent Linear,30,23,7,14,6,80,77.1,,,,,,,,,,,,
7,Kinetic Labs Gecko,9/18/2022,Gateron,Silent Linear,28,23,8,15,6,80,76.0,,,,,,,,,,,,
8,WEKT Nafu,6/28/2026,WEKT,Silent Linear,31,17,8,14,6,76,75.8,,,,,,,,,,,,
9,DK Creamery Cookie Dough,11/19/2023,KTT,Silent Linear,29,19,7,16,7,78,75.2,,,,,,,,,,,,
9,JWICK Semi Silent,11/13/2022,Durock/JWK,Silent Linear,28,19,8,15,9,79,75.2,,,,,,,,,,,,
11,Kailh Midnight Pro Grey,7/31/2022,Kailh,Silent Linear,29,21,7,15,7,79,74.9,,,,,,,,,,,,
12,Outemu Silent Peach V3,9/8/2024,Outemu,Silent Linear,28,21,6,15,6,76,74.0,,,,,,,,,,,,
13,Huano Kyubi Silent Linear,10/13/2024,Huano,Silent Linear,29,18,6,15,7,75,73.1,,,,,,,,,,,,
14,MZ Studio U3,8/17/2025,Jerrzi,Silent Linear,30,19,6,11,6,72,71.0,,,,,,,,,,,,
15,Cherry MX Northern Light,4/17/2025,Cherry,Silent Linear,28,18,6,13,7,72,70.6,,,,,,,,,,,,
16,Seriko,8/15/2021,Durock/JWK,Silent Linear,29,21,7,11,7,75,69.9,,,,,,,,,,,,
17,Haimu Heartbeat,9/11/2022,Haimu,Silent Linear,27,17,7,15,7,73,69.0,,,,,,,,,,,,
18,Outemu x XCJZ Dopamine,6/16/2024,Outemu,Silent Linear,29,21,7,9,5,71,68.8,,,,,,,,,,,,
19,IDOBAO Elf Linear-C1,6/25/2023,Kailh,Silent Linear,29,17,6,12,7,71,67.8,,,,,,,,,,,,
20,LICHICX Yogurt,11/17/2024,LICHICX,Silent Linear,28,18,7,11,5,69,67.2,,,,,,,,,,,,
21,Jerrzi Cute Yellow,2/2/2025,Jerrzi,Silent Linear,28,16,6,10,5,65,63.4,,,,,,,,,,,,
22,Haimu x Geon HG Silent Red,6/4/2023,Haimu,Silent Linear,26,16,6,12,6,66,62.8,,,,,,,,,,,,
23,XCJZ x KTT Ice Orange Silent,3/22/2026,KTT,Silent Linear,26,18,5,10,4,63,62.6,,,,,,,,,,,,
24,Aiguox Dark Sakura Glass,1/5/2025,KTT,Silent Linear,26,18,5,9,5,63,61.3,,,,,,,,,,,,
25,Gateron Genty Silent HE,5/4/2025,Gateron,Silent Linear,27,21,2,8,3,61,59.7,,,,,,,,,,,,
26,Healio,8/15/2021,Gateron,Silent Linear,26,16,6,9,6,63,57.9,,,,,,,,,,,,
27,Kailh Box Silent Pink,8/15/2021,Kailh,Silent Linear,21,16,6,13,4,60,54.9,,,,,,,,,,,,
28,Outemu Silent Peach,3/20/2022,Outemu,Silent Linear,24,15,5,10,5,59,54.5,,,,,,,,,,,,
,,,,,,,,,,,,,,,,,,,,,,,
AVG,AVERAGE OF ALL,,-,-,28.3,18.8,6.7,12.6,6.1,72.4,69.8,,,,,,,,,,,,
 - SILENT TACTILE RANKINGS -,,,,,,,,,,,,,,,,,,,,,,,
Rank,Switch Name,Date,Manufacturer,Type,Push Feel,Wobble,Sound,Context,Other,"Timeless
Total","Time Wtd. 
Total",,,,,,,,,,,,
1,HMX Volume 0-T,12/20/2025,HMX,Silent Tactile,30,24,5,15,7,81,80.3,,,,,,,,,,,,
2,Gazzew U4 Boba 68g (Sample),8/1/2021,Outemu,Silent Tactile,28,24,9,15,9,85,79.9,,,,,,,,,,,,
3,Keychron Silent Banana,7/6/2025,Outemu,Silent Tactile,29,19,9,17,6,80,78.8,,,,,,,,,,,,
4,Wingtree x LICHICX Orange,9/20/2026,Wingtree,Silent Tactile,30,22,7,12,6,77,77.0,,,,,,,,,,,,
5,Wingtree x LICHICX Yamatake,5/10/2026,Wingtree,Silent Tactile,30,17,8,14,7,76,75.7,,,,,,,,,,,,
6,Kailh Midnight Pro Light Yellow,7/31/2022,Kailh,Silent Tactile,28,21,8,15,7,79,74.9,,,,,,,,,,,,
7,Red Velvet,8/4/2024,KTT,Silent Tactile,29,16,8,17,6,76,73.9,,,,,,,,,,,,
8,LICHICX Raw Small Tactile,1/14/2024,LICHICX,Silent Tactile,28,22,6,12,7,75,72.4,,,,,,,,,,,,
9,Outemu Silent Lemon V3,9/8/2024,Outemu,Silent Tactile,26,21,6,15,6,74,72.0,,,,,,,,,,,,
10,Kailh Deep Sea Silent Pro Whale,9/3/2023,Kailh,Silent Tactile,27,21,7,13,6,74,71.0,,,,,,,,,,,,
11,Haimu Orchid Mantis,9/6/2026,Haimu,Silent Tactile,27,17,6,14,5,69,69.0,,,,,,,,,,,,
12,Kinetic Labs Turtle,2/23/2025,Haimu,Silent Tactile,27,16,5,15,6,69,67.5,,,,,,,,,,,,
13,Invokeys x Alas Daydreamer,11/26/2023,LICHICX,Silent Tactile,26,18,7,14,5,70,67.2,,,,,,,,,,,,
14,TTC Peanut Latte,9/22/2024,TTC,Silent Tactile,27,17,6,12,6,68,66.1,,,,,,,,,,,,
15,JKDK Crimson,11/5/2023,LICHICX,Silent Tactile,26,18,7,10,7,68,65.2,,,,,,,,,,,,
16,IDOBAO Elf Tactile-T1,6/25/2023,Kailh,Silent Tactile,27,17,5,12,7,68,64.8,,,,,,,,,,,,
17,Cherry MX Honey,9/25/2025,Cherry,Silent Tactile,25,18,3,13,6,65,64.1,,,,,,,,,,,,
18,KTT ZenCha,3/22/2026,KTT,Silent Tactile,25,22,4,8,4,63,62.6,,,,,,,,,,,,
19,Gateron Oil King Silent Tactile,6/21/2026,Gateron,Silent Tactile,26,20,4,9,2,61,60.8,,,,,,,,,,,,
20,Glorious Panda Silent,11/17/2024,Outemu,Silent Tactile,26,17,6,9,4,62,60.2,,,,,,,,,,,,
21,Kailh Box Silent Brown,8/15/2021,Kailh,Silent Tactile,24,17,6,13,5,65,59.9,,,,,,,,,,,,
22,Haimu Whisper,9/11/2022,Haimu,Silent Tactile,27,14,4,13,5,63,59.0,,,,,,,,,,,,
23,Aliaz (80g),9/12/2021,Gateron,Silent Tactile,24,14,4,11,6,59,54.0,,,,,,,,,,,,
,,,,,,,,,,,,,,,,,,,,,,,
AVG,AVERAGE OF ALL,,-,-,27.0,18.8,6.1,13.0,5.9,70.7,68.5,,,,,,,,,,,,
 - CLICKY RANKINGS -,,,,,,,,,,,,,,,,,,,,,,,
Rank,Switch Name,Date,Manufacturer,Type,Push Feel,Wobble,Sound,Context,Other,"Timeless
Total","Time Wtd. 
Total",,,,,,,,,,,,
1,Gateron Melodic,2/4/2024,Gateron,Clicky,31,19,9,15,9,83,80.4,,,,,,,,,,,,
2,Zeal Clickiez 75g. (Clicky),7/10/2022,Gateron,Clicky,29,19,9,15,9,81,76.8,,,,,,,,,,,,
3,Gateron Harmonic,2/8/2026,Gateron,Clicky,29,19,9,13,6,76,75.4,,,,,,,,,,,,
3,Novelkeys Cream Clickie,1/12/2023,Kailh,Clicky,31,15,8,15,10,79,75.4,,,,,,,,,,,,
5,Pea Flower,9/22/2024,BSUN,Clicky,25,21,5,15,8,74,72.1,,,,,,,,,,,,
6,Kailh Box Navy,8/1/2021,Kailh,Clicky,29,16,9,16,7,77,71.9,,,,,,,,,,,,
7,Kailh Choc Autumn,1/5/2025,Kailh,Clicky,29,17,8,13,6,73,71.3,,,,,,,,,,,,
8,TKC Blackberry,9/7/2022,Tecsee,Clicky,28,16,7,15,9,75,71.0,,,,,,,,,,,,
9,Kailh Box Jade,8/1/2021,Kailh,Clicky,28,16,9,16,7,76,70.9,,,,,,,,,,,,
9,TTC Brother V2,8/1/2026,TTC,Clicky,30,17,7,12,5,71,70.9,,,,,,,,,,,,
11,Kailh Choc Summer,1/5/2025,Kailh,Clicky,29,17,7,13,6,72,70.3,,,,,,,,,,,,
12,Kailh Autumn,4/9/2023,Kailh,Clicky,28,16,8,14,7,73,69.6,,,,,,,,,,,,
13,TTC Brother,1/16/2022,TTC,Clicky,27,17,7,15,7,73,68.4,,,,,,,,,,,,
14,Outemu Clear,3/26/2023,Outemu,Clicky,24,22,5,14,5,70,66.6,,,,,,,,,,,,
15,Kailh Box Mute Jade,2/6/2022,Kailh,Clicky,26,17,4,15,7,69,64.4,,,,,,,,,,,,
16,KTT Purple Sauce,6/11/2023,KTT,Clicky,27,16,5,13,5,66,62.8,,,,,,,,,,,,
17,Akko Creamy Cyan,4/6/2025,Outemu,Clicky,25,21,4,10,4,64,62.6,,,,,,,,,,,,
18,Varmilo Ivy L,12/22/2024,LICHICX,Clicky,27,16,5,12,4,64,62.3,,,,,,,,,,,,
19,NK x Kailh Speed Heavy Pale Blue,3/26/2023,Kailh,Clicky,27,15,7,10,6,65,61.6,,,,,,,,,,,,
20,TTC L Series Blue,2/25/2024,TTC,Clicky,24,18,5,12,5,64,61.5,,,,,,,,,,,,
21,Leobog Ice Blue,11/19/2023,SOAI,Clicky,23,23,3,9,5,63,60.2,,,,,,,,,,,,
22,XCJZ Jerrzi Lotus Stem,10/21/2023,Jerrzi,Clicky,25,16,5,12,5,63,60.1,,,,,,,,,,,,
23,Cherry MX2A RGB Blue (3 Pin),9/3/2023,Cherry,Clicky,22,17,4,15,5,63,60.0,,,,,,,,,,,,
24,KTT Gold,5/22/2022,KTT,Clicky,24,14,6,13,7,64,59.7,,,,,,,,,,,,
25,Varmilo Ivy L,10/13/2024,LICHICX,Clicky,25,17,4,10,5,61,59.1,,,,,,,,,,,,
26,Kailh Box Sky Blue,9/26/2021,Kailh,Clicky,25,17,5,12,4,63,58.1,,,,,,,,,,,,
27,TTC x Helix Lab Skylar,3/26/2023,TTC,Clicky,23,15,5,11,6,60,56.6,,,,,,,,,,,,
28,Jerrzi Blue,12/15/2024,Jerrzi,Clicky,26,16,4,8,4,58,56.3,,,,,,,,,,,,
29,Zoch Flame Shadow,7/6/2025,KTT,Clicky,25,15,3,10,4,57,55.8,,,,,,,,,,,,
30,AULA Blue,5/4/2025,SOAI,Clicky,23,18,3,9,4,57,55.7,,,,,,,,,,,,
31,Content Blue (Black Bottom),5/5/2024,KTT,Clicky,22,17,4,9,5,57,54.7,,,,,,,,,,,,
32,Kailh Pro Light Green (Plate Mount),1/16/2022,Kailh,Clicky,22,14,4,12,6,58,53.4,,,,,,,,,,,,
33,Outemu Dustproof Teal,10/9/2022,Outemu,Clicky,22,17,4,10,4,57,53.1,,,,,,,,,,,,
34,LCET Blue and Purple,4/9/2023,Unknown,Clicky,22,14,4,11,5,56,52.6,,,,,,,,,,,,
35,Huano Clicky White,10/8/2023,Huano,Clicky,22,15,4,8,4,53,50.1,,,,,,,,,,,,
36,Gateron Ink Blue V1,8/15/2021,Gateron,Clicky,21,15,4,9,3,52,46.9,,,,,,,,,,,,
37,TTC Razer Dustproof Green,10/9/2022,TTC,Clicky,19,14,3,9,4,49,45.1,,,,,,,,,,,,
38,TTC Orange Clicky,10/8/2023,TTC,Clicky,14,13,2,9,4,42,39.1,,,,,,,,,,,,
39,Greetech Razer Green,1/16/2022,Greetech,Clicky,17,13,3,6,4,43,38.4,,,,,,,,,,,,
40,OArmy Green,10/9/2022,Greetech,Clicky,14,12,3,7,2,38,34.1,,,,,,,,,,,,
,,,,,,,,,,,,,,,,,,,,,,,
AVG,AVERAGE OF ALL,,-,-,24.7,16.6,5.4,11.8,5.6,64.0,60.9,,,,,,,,,,,,
,,,,,,,,,,,,,,,,,,,,,,,
,,,,,,,,,,,,,,,,,,,,,,,
,,,,,,,,,,,,,,,,,,,,,,,
,,,,,,,,,,,,,,,,,,,,,,,
,,,,,,,,,,,,,,,,,,,,,,,
,,,,,,,,,,,,,,,,,,,,,,,
,,,,,,,,,,,,,,,,,,,,,,,
,,,,,,,,,,,,,,,,,,,,,,,
